ID,CLIENT_ID,ACCOUNT_ID,PRODUCT_ID,CHANNEL_ID,SECTOR_ID,AMOUNT,CURRENCY,DATE_TIME,TRANSACTION_TYPE
T00001,CL0141,AC07,,CH04,BK03,6960.53,USD,2024-01-01T15:23:35,Withdrawal
T00002,CL0151,AC25,P10,CH03,BK06,762.88,USD,2024-01-02T08:11:39,Withdrawal
T00003,CL0139,AC01,P04,CH04,BK03,960.3,USD,2024-01-02T11:40:16,Card Payment
T00004,CL0130,AC13,P03,CH01,BK02,5992.54,USD,2024-01-02T19:07:48,Mobile Transfer
T00005,CL0168,AC22,P07,CH02,BK02,5188.2,USD,2024-01-02T19:26:28,Foreign Exchange
T00006,CL0176,AC02,P03,CH03,BK05,7327.25,USD,2024-01-03T12:55:04,Withdrawal
T00007,CL0094,AC25,P03,CH05,BK04,2682.5,USD,2024-01-03T20:02:13,Foreign Exchange
T00008,CL0246,AC10,P10,CH02,BK01,441.22,USD,2024-01-04T00:53:09,Mobile Transfer
T00009,CL0023,AC06,P10,CH04,BK01,-4563.9,USD,2024-01-04T02:08:06,Interest Payment
T00010,CL0104,AC21,P10,CH03,BK07,-1274.54,USD,2024-01-04T02:28:44,Interest Payment
T00011,CL0234,AC09,P01,CH01,BK07,-3083.82,USD,2024-01-04T18:26:24,Card Payment
T00012,CL0129,AC24,P09,CH03,BK03,4908.77,USD,2024-01-05T08:02:45,Commission Charge
T00013,CL0036,AC17,P07,CH01,BK02,-4415.97,USD,2024-01-05T12:05:53,Withdrawal
T00014,CL0024,AC24,P04,CH01,BK04,-2383.3,USD,2024-01-05T16:24:49,Withdrawal
T00015,CL0193,AC20,P01,CH02,BK06,-3676.39,USD,2024-01-06T04:38:21,Interest Payment
T00016,CL0128,AC17,P09,CH05,BK05,2797.88,USD,2024-01-07T08:46:01,Interest Payment
T00017,CL0232,AC09,P05,CH02,BK06,1173.27,USD,2024-01-07T09:59:29,Transfer
T00018,CL0246,AC04,P05,CH03,BK02,1097.64,USD,2024-01-07T12:00:19,Card Payment
T00019,CL0036,AC18,P05,CH04,BK06,-4881.84,USD,2024-01-07T15:52:14,ATM Withdrawal
T00020,CL0096,AC14,P04,CH02,BK02,-4713.92,USD,2024-01-07T21:33:28,Foreign Exchange
T00021,CL0124,AC07,P06,CH06,BK04,7732.84,USD,2024-01-08T14:02:19,Card Payment
T00022,CL0023,AC24,P10,CH02,BK03,6633.37,USD,2024-01-08T17:37:39,Mobile Transfer
T00023,CL0166,AC16,P05,CH02,BK02,5661.66,USD,2024-01-09T00:35:46,Interest Payment
T00024,CL0172,AC21,P11,CH02,BK07,4710.95,USD,2024-01-09T09:45:43,Foreign Exchange
T00025,CL0124,AC16,P08,CH06,BK04,8788.65,USD,2024-01-09T22:15:25,Interest Payment
T00026,CL0037,AC09,P05,CH03,BK04,9198.51,USD,2024-01-10T15:25:47,Mobile Transfer
T00027,CL0018,AC12,P04,CH02,BK01,-4450.32,USD,2024-01-11T00:06:49,Card Payment
T00028,CL0051,AC02,P03,CH04,BK02,-1780.27,USD,2024-01-11T04:47:35,Loan Payment
T00029,CL0020,AC19,P06,CH03,BK02,-3145.85,USD,2024-01-11T05:21:49,Withdrawal
T00030,CL0028,AC22,P04,CH02,BK04,-3498.37,USD,2024-01-11T16:04:37,Deposit
T00031,CL0073,AC22,P11,CH05,BK01,-3505.76,USD,2024-01-11T22:48:39,Interest Payment
T00032,CL0008,AC02,P03,CH04,BK07,2558.78,USD,2024-01-12T16:04:57,Foreign Exchange
T00033,CL0046,AC13,P03,CH05,BK03,-2310.39,USD,2024-01-12T21:14:23,Card Payment
T00034,CL0128,AC03,P02,CH01,BK07,6010.53,USD,2024-01-13T04:01:14,Card Payment
T00035,CL0193,AC09,P03,CH01,BK04,9357.86,USD,2024-01-13T04:53:06,Deposit
T00036,CL0017,AC14,P09,CH03,BK04,-2887.06,USD,2024-01-13T12:48:34,Commission Charge
T00037,CL0041,AC18,P01,CH02,BK01,7140.14,USD,2024-01-13T16:17:33,Card Payment
T00038,CL0129,AC22,P07,CH04,BK01,-3474.63,USD,2024-01-13T23:09:29,ATM Withdrawal
T00039,CL0077,AC15,P08,CH05,BK05,4027.22,USD,2024-01-15T09:20:17,Card Payment
T00040,CL0085,AC09,P06,CH01,BK02,-1230.73,USD,2024-01-15T09:49:48,Withdrawal
T00041,CL0067,AC05,,CH04,BK01,6099.01,USD,2024-01-16T13:05:42,Foreign Exchange
T00042,CL0096,AC07,P08,CH04,BK05,7088.73,USD,2024-01-16T16:14:23,ATM Withdrawal
T00043,CL0025,AC20,P03,CH02,BK05,985.95,USD,2024-01-16T17:12:37,ATM Withdrawal
T00044,CL0229,AC10,P03,CH06,BK07,8590.36,USD,2024-01-17T19:45:58,Deposit
T00045,CL0208,AC02,,CH05,BK06,2617.43,USD,2024-01-18T05:24:41,Interest Payment
T00046,CL0124,AC25,P08,CH01,BK01,5794.71,USD,2024-01-18T13:47:57,Loan Payment
T00047,CL0017,AC17,,CH06,BK02,-4373.71,USD,2024-01-18T13:58:39,Deposit
T00048,CL0190,AC01,P03,CH03,BK01,570.01,USD,2024-01-18T16:21:05,ATM Withdrawal
T00049,CL0074,AC09,P10,CH01,BK07,-3320.69,USD,2024-01-19T20:18:01,Loan Payment
T00050,CL0245,AC25,P06,CH01,BK06,2809.71,USD,2024-01-20T01:56:37,Deposit
T00051,CL0162,AC15,P07,CH05,BK02,8259.29,USD,2024-01-20T03:06:27,Withdrawal
T00052,CL0115,AC06,P05,CH01,BK05,7212.99,USD,2024-01-20T16:51:10,Foreign Exchange
T00053,CL0047,AC20,P06,CH03,BK03,8012.28,USD,2024-01-20T19:14:16,Commission Charge
T00054,CL0195,AC08,P11,CH05,BK07,-2199.7,USD,2024-01-21T02:01:16,Loan Payment
T00055,CL0015,AC06,P07,CH06,BK06,4449.93,USD,2024-01-23T03:52:17,Loan Payment
T00056,CL0103,AC19,P03,CH05,BK07,3137.36,USD,2024-01-23T11:56:50,Loan Payment
T00057,CL0106,AC24,P06,CH03,BK01,5145.99,USD,2024-01-24T09:40:06,Deposit
T00058,CL0035,AC16,P06,CH06,BK06,9814.07,USD,2024-01-25T07:17:24,Interest Payment
T00059,CL0205,AC20,P11,CH02,BK06,-3162.41,USD,2024-01-25T19:52:09,ATM Withdrawal
T00060,CL0124,AC17,P11,CH04,BK01,6325.98,USD,2024-01-26T04:10:51,Card Payment
T00061,CL0236,AC17,,CH01,BK02,8130.92,USD,2024-01-27T04:21:23,Card Payment
T00062,CL0105,AC21,P07,CH06,BK01,2096.38,USD,2024-01-27T14:56:06,Loan Payment
T00063,CL0250,AC20,P09,CH01,BK05,4015.92,USD,2024-01-27T15:04:34,Card Payment
T00064,CL0026,AC02,P07,CH03,BK01,-2003.01,USD,2024-01-28T01:50:59,Withdrawal
T00065,CL0206,AC09,P11,CH03,BK04,2422.22,USD,2024-01-29T03:51:50,Deposit
T00066,CL0049,AC21,,CH04,BK02,5770.23,USD,2024-01-29T06:55:50,Card Payment
T00067,CL0094,AC20,P01,CH01,BK06,8131.95,USD,2024-01-29T23:36:01,Loan Payment
T00068,CL0009,AC07,,CH04,BK07,2424.65,USD,2024-01-30T02:41:16,Card Payment
T00069,CL0238,AC08,,CH03,BK07,784.88,USD,2024-01-30T04:49:48,Deposit
T00070,CL0221,AC07,P11,CH02,BK02,-2101.49,USD,2024-01-30T10:47:23,ATM Withdrawal
T00071,CL0143,AC17,P09,CH03,BK01,6186.03,USD,2024-01-30T19:18:06,ATM Withdrawal
T00072,CL0035,AC12,P09,CH03,BK03,-1182.12,USD,2024-01-31T00:12:06,Withdrawal
T00073,CL0143,AC10,P06,CH03,BK02,880.15,USD,2024-01-31T01:05:49,Foreign Exchange
T00074,CL0141,AC13,P03,CH03,BK05,4749.72,USD,2024-01-31T09:16:14,Commission Charge
T00075,CL0215,AC16,P06,CH02,BK05,7986.22,USD,2024-02-01T00:39:01,ATM Withdrawal
T00076,CL0118,AC13,P07,CH06,BK02,-4628.82,USD,2024-02-01T00:55:33,Withdrawal
T00077,CL0219,AC14,P07,CH03,BK06,-120.55,USD,2024-02-01T04:51:12,Transfer
T00078,CL0070,AC23,P04,CH01,BK02,130.13,USD,2024-02-01T09:28:43,Deposit
T00079,CL0081,AC18,P01,CH06,BK02,2046.55,USD,2024-02-01T21:57:28,Deposit
T00080,CL0109,AC10,P02,CH02,BK03,-3294.95,USD,2024-02-02T21:31:34,Card Payment
T00081,CL0201,AC14,P10,CH02,BK07,5171.51,USD,2024-02-02T23:12:49,Commission Charge
T00082,CL0071,AC04,P06,CH01,BK01,-75.03,USD,2024-02-03T08:08:58,Deposit
T00083,CL0115,AC07,P09,CH03,BK02,5395.54,USD,2024-02-04T00:42:04,Withdrawal
T00084,CL0232,AC20,P01,CH03,BK06,2693.4,USD,2024-02-04T04:11:04,Foreign Exchange
T00085,CL0077,AC15,P02,CH01,BK07,9065.75,USD,2024-02-04T13:40:12,Commission Charge
T00086,CL0243,AC03,P03,CH05,BK06,7227.88,USD,2024-02-04T22:12:46,Card Payment
T00087,CL0226,AC05,P05,CH02,BK03,3839.1,USD,2024-02-05T03:03:36,Deposit
T00088,CL0113,AC13,P05,CH01,BK06,6690.8,USD,2024-02-05T06:04:05,Commission Charge
T00089,CL0172,AC13,P01,CH04,BK03,-27.68,USD,2024-02-06T04:00:32,Foreign Exchange
T00090,CL0186,AC25,P04,CH03,BK02,2012.03,USD,2024-02-06T10:45:17,ATM Withdrawal
T00091,CL0133,AC19,P04,CH02,BK06,-2440.06,USD,2024-02-06T17:46:25,Transfer
T00092,CL0090,AC02,P03,CH01,BK05,-2873.03,USD,2024-02-07T05:09:55,Commission Charge
T00093,CL0152,AC10,P03,CH05,BK04,9344.72,USD,2024-02-07T09:14:07,Commission Charge
T00094,CL0054,AC21,P05,CH02,BK01,5751.43,USD,2024-02-07T09:44:47,Interest Payment
T00095,CL0137,AC04,P10,CH02,BK04,3810.35,USD,2024-02-08T00:27:35,Transfer
T00096,CL0151,AC21,P04,CH06,BK05,3342.5,USD,2024-02-08T08:25:38,Interest Payment
T00097,CL0029,AC14,P04,CH04,BK03,-4874.38,USD,2024-02-10T02:35:16,Commission Charge
T00098,CL0031,AC10,,CH04,BK05,3385.44,USD,2024-02-10T04:36:51,Foreign Exchange
T00099,CL0050,AC06,P04,CH05,BK07,5613.86,USD,2024-02-10T07:44:11,Interest Payment
T00100,CL0179,AC18,P03,CH05,BK07,2270.93,USD,2024-02-10T23:43:43,Mobile Transfer
T00101,CL0117,AC02,P10,CH01,BK05,4665.09,USD,2024-02-11T00:45:25,ATM Withdrawal
T00102,CL0015,AC11,P02,CH05,BK02,3490.67,USD,2024-02-11T16:43:15,Interest Payment
T00103,CL0179,AC06,P02,CH04,BK05,-2545.49,USD,2024-02-11T21:31:01,Commission Charge
T00104,CL0039,AC17,P07,CH01,BK02,-4230.91,USD,2024-02-11T21:46:00,Transfer
T00105,CL0093,AC14,P02,CH05,BK03,5017.8,USD,2024-02-12T18:57:27,Withdrawal
T00106,CL0220,AC17,P01,CH04,BK05,-4314.12,USD,2024-02-13T08:10:06,Mobile Transfer
T00107,CL0242,AC16,P04,CH01,BK03,-512.84,USD,2024-02-13T13:34:28,Deposit
T00108,CL0237,AC02,P10,CH03,BK07,8347.49,USD,2024-02-14T05:21:41,Loan Payment
T00109,CL0115,AC22,P11,CH06,BK03,9599.39,USD,2024-02-14T07:25:03,Withdrawal
T00110,CL0120,AC09,P07,CH03,BK04,-4468.59,USD,2024-02-14T11:03:47,Transfer
T00111,CL0233,AC06,P01,CH06,BK06,-4595.62,USD,2024-02-14T13:01:02,Commission Charge
T00112,CL0066,AC17,P08,CH01,BK03,8108.39,USD,2024-02-14T13:29:21,Withdrawal
T00113,CL0011,AC22,,CH01,BK03,7634.99,USD,2024-02-15T12:58:05,Deposit
T00114,CL0016,AC25,P06,CH01,BK07,7874.68,USD,2024-02-15T13:54:34,Deposit
T00115,CL0142,AC15,P07,CH02,BK01,7341.62,USD,2024-02-15T14:55:19,Card Payment
T00116,CL0070,AC21,,CH04,BK03,-919.76,USD,2024-02-15T21:29:01,Deposit
T00117,CL0075,AC21,P08,CH03,BK05,6608.01,USD,2024-02-16T00:12:11,Foreign Exchange
T00118,CL0110,AC09,P11,CH05,BK04,-3014.09,USD,2024-02-16T03:26:15,Transfer
T00119,CL0015,AC17,P10,CH04,BK05,3271.28,USD,2024-02-16T08:03:08,Mobile Transfer
T00120,CL0030,AC11,P02,CH03,BK02,8068.73,USD,2024-02-17T12:50:05,Loan Payment
T00121,CL0096,AC18,P06,CH06,BK03,9968.72,USD,2024-02-17T19:34:50,Interest Payment
T00122,CL0038,AC19,P11,CH05,BK01,-4162.22,USD,2024-02-18T14:09:04,Transfer
T00123,CL0121,AC23,P03,CH02,BK06,580.71,USD,2024-02-19T14:28:37,ATM Withdrawal
T00124,CL0056,AC05,P05,CH03,BK07,-3442.65,USD,2024-02-20T01:15:57,Interest Payment
T00125,CL0236,AC15,P05,CH03,BK07,2945.39,USD,2024-02-20T01:25:47,Card Payment
T00126,CL0064,AC13,,CH02,BK07,6194.15,USD,2024-02-20T06:18:47,Interest Payment
T00127,CL0031,AC07,P07,CH05,BK04,-4287.88,USD,2024-02-20T20:27:33,Card Payment
T00128,CL0229,AC13,P09,CH04,BK02,998.78,USD,2024-02-20T21:03:36,Commission Charge
T00129,CL0110,AC05,P05,CH02,BK02,-1848.58,USD,2024-02-21T00:01:25,ATM Withdrawal
T00130,CL0115,AC14,P11,CH05,BK04,3062.91,USD,2024-02-21T01:23:22,Loan Payment
T00131,CL0146,AC25,,CH04,BK06,8153.39,USD,2024-02-21T07:28:27,ATM Withdrawal
T00132,CL0200,AC22,P09,CH06,BK01,5632.18,USD,2024-02-22T08:11:10,Loan Payment
T00133,CL0197,AC15,P10,CH03,BK06,-4650.72,USD,2024-02-23T07:43:04,Foreign Exchange
T00134,CL0005,AC16,P09,CH01,BK03,-1635.23,USD,2024-02-23T17:58:59,Foreign Exchange
T00135,CL0146,AC25,,CH05,BK07,1391.14,USD,2024-02-23T23:31:05,Loan Payment
T00136,CL0066,AC11,,CH02,BK04,7848.23,USD,2024-02-24T08:58:15,ATM Withdrawal
T00137,CL0222,AC21,P06,CH04,BK07,7730.54,USD,2024-02-24T10:07:11,Loan Payment
T00138,CL0126,AC25,,CH03,BK04,9778.03,USD,2024-02-24T15:32:30,Card Payment
T00139,CL0125,AC22,P03,CH06,BK01,-3797.6,USD,2024-02-24T15:35:27,Withdrawal
T00140,CL0089,AC11,P06,CH01,BK03,-3525.18,USD,2024-02-25T04:22:58,Mobile Transfer
T00141,CL0058,AC18,P10,CH02,BK02,-732.33,USD,2024-02-25T13:02:03,Card Payment
T00142,CL0102,AC25,P08,CH04,BK04,4413.66,USD,2024-02-25T15:26:24,Loan Payment
T00143,CL0150,AC20,P11,CH05,BK03,9131.64,USD,2024-02-27T05:25:06,Card Payment
T00144,CL0249,AC15,P05,CH05,BK03,-3622.07,USD,2024-02-27T10:56:37,Loan Payment
T00145,CL0087,AC11,P07,CH01,BK07,6073.52,USD,2024-02-27T22:14:35,ATM Withdrawal
T00146,CL0033,AC15,P11,CH02,BK04,-3756.44,USD,2024-02-28T06:43:58,Card Payment
T00147,CL0232,AC24,P10,CH03,BK07,2662.93,USD,2024-02-28T08:55:30,Card Payment
T00148,CL0134,AC02,P11,CH03,BK04,1278.53,USD,2024-02-28T09:09:01,Loan Payment
T00149,CL0022,AC17,P08,CH02,BK07,9587.37,USD,2024-02-28T16:41:20,Card Payment
T00150,CL0197,AC01,P06,CH06,BK02,72.85,USD,2024-02-28T21:54:46,Mobile Transfer
T00151,CL0116,AC02,P06,CH03,BK07,865.2,USD,2024-02-29T20:04:44,ATM Withdrawal
T00152,CL0061,AC01,P08,CH02,BK07,-4666.18,USD,2024-03-01T09:44:49,ATM Withdrawal
T00153,CL0234,AC03,P11,CH05,BK03,2306.42,USD,2024-03-01T22:04:13,Withdrawal
T00154,CL0056,AC15,P06,CH03,BK07,-3017.24,USD,2024-03-02T09:29:28,Commission Charge
T00155,CL0105,AC25,P08,CH03,BK01,2149.61,USD,2024-03-02T13:03:39,Foreign Exchange
T00156,CL0212,AC04,P02,CH05,BK04,5585.7,USD,2024-03-02T14:47:49,Deposit
T00157,CL0034,AC22,P01,CH06,BK04,-2943.71,USD,2024-03-02T22:17:03,Loan Payment
T00158,CL0102,AC11,P09,CH06,BK05,2197.79,USD,2024-03-03T02:41:31,Commission Charge
T00159,CL0050,AC17,P10,CH01,BK07,7065.66,USD,2024-03-03T02:47:41,Interest Payment
T00160,CL0156,AC03,P10,CH02,BK01,3202.22,USD,2024-03-03T09:58:55,Interest Payment
T00161,CL0222,AC20,P04,CH06,BK05,-3891.79,USD,2024-03-03T17:07:31,Card Payment
T00162,CL0043,AC20,P06,CH03,BK01,-1859.16,USD,2024-03-03T18:50:50,Commission Charge
T00163,CL0249,AC07,P10,CH01,BK06,-740.68,USD,2024-03-03T22:20:13,Loan Payment
T00164,CL0026,AC03,P09,CH01,BK03,-2195.46,USD,2024-03-04T11:23:48,Foreign Exchange
T00165,CL0036,AC17,P05,CH06,BK07,7404.09,USD,2024-03-04T17:44:44,Interest Payment
T00166,CL0048,AC20,P05,CH02,BK04,2256.31,USD,2024-03-04T20:03:08,Commission Charge
T00167,CL0157,AC16,P02,CH06,BK04,5808.43,USD,2024-03-05T05:51:21,Card Payment
T00168,CL0056,AC15,P09,CH04,BK06,548.85,USD,2024-03-05T07:45:08,Deposit
T00169,CL0185,AC14,P10,CH04,BK06,-2152.42,USD,2024-03-05T08:29:51,Mobile Transfer
T00170,CL0016,AC10,P03,CH03,BK02,-3254.73,USD,2024-03-05T15:04:05,Commission Charge
T00171,CL0054,AC22,,CH05,BK05,-4173.18,USD,2024-03-05T17:48:29,Foreign Exchange
T00172,CL0172,AC06,P04,CH03,BK05,-4760.1,USD,2024-03-06T03:13:03,ATM Withdrawal
T00173,CL0240,AC09,,CH02,BK01,54.11,USD,2024-03-06T06:44:39,Withdrawal
T00174,CL0049,AC20,P03,CH06,BK07,-164,USD,2024-03-06T18:10:57,Foreign Exchange
T00175,CL0228,AC12,P05,CH05,BK03,5792.81,USD,2024-03-07T00:20:49,Deposit
T00176,CL0221,AC03,P03,CH06,BK06,-1250.6,USD,2024-03-07T08:32:18,Deposit
T00177,CL0105,AC14,P09,CH04,BK06,-1402.23,USD,2024-03-07T18:25:49,Withdrawal
T00178,CL0089,AC24,P02,CH02,BK03,-3494.42,USD,2024-03-07T19:25:07,ATM Withdrawal
T00179,CL0202,AC22,P10,CH03,BK07,5724.52,USD,2024-03-08T00:18:33,Loan Payment
T00180,CL0121,AC12,P05,CH04,BK01,2760.37,USD,2024-03-09T12:39:24,Commission Charge
T00181,CL0199,AC25,P06,CH04,BK05,2072.24,USD,2024-03-10T10:18:45,Mobile Transfer
T00182,CL0096,AC16,P08,CH06,BK02,7019.61,USD,2024-03-11T14:26:44,Transfer
T00183,CL0004,AC25,P11,CH02,BK05,1917.25,USD,2024-03-11T15:03:58,Withdrawal
T00184,CL0040,AC24,P10,CH01,BK02,4196.37,USD,2024-03-11T20:38:10,ATM Withdrawal
T00185,CL0200,AC11,,CH04,BK06,-1460.95,USD,2024-03-12T09:38:08,Mobile Transfer
T00186,CL0067,AC21,P01,CH04,BK07,8952.61,USD,2024-03-12T10:46:52,Foreign Exchange
T00187,CL0154,AC05,P07,CH06,BK07,-3290.46,USD,2024-03-12T21:16:14,Commission Charge
T00188,CL0055,AC13,P04,CH05,BK02,3607.85,USD,2024-03-12T22:31:07,Transfer
T00189,CL0040,AC01,P02,CH03,BK05,3724.6,USD,2024-03-13T01:38:32,Loan Payment
T00190,CL0015,AC25,P04,CH05,BK07,5630.97,USD,2024-03-13T05:40:46,Commission Charge
T00191,CL0045,AC12,,CH03,BK01,-2041.48,USD,2024-03-13T11:17:36,Transfer
T00192,CL0072,AC25,P09,CH01,BK02,-2568.22,USD,2024-03-14T12:35:14,Commission Charge
T00193,CL0055,AC22,P02,CH02,BK04,8707.26,USD,2024-03-15T06:29:04,Interest Payment
T00194,CL0020,AC09,P07,CH05,BK02,8597.59,USD,2024-03-15T22:33:55,Foreign Exchange
T00195,CL0195,AC23,P05,CH03,BK06,-1468.98,USD,2024-03-16T03:35:29,Interest Payment
T00196,CL0045,AC20,P08,CH04,BK06,3023.46,USD,2024-03-16T09:39:42,Mobile Transfer
T00197,CL0110,AC24,P09,CH04,BK01,1305.78,USD,2024-03-16T12:13:16,Mobile Transfer
T00198,CL0135,AC23,P09,CH02,BK01,4915.98,USD,2024-03-17T21:15:34,Card Payment
T00199,CL0245,AC18,P05,CH01,BK02,6054.53,USD,2024-03-17T23:02:28,Interest Payment
T00200,CL0074,AC03,P03,CH02,BK03,7484.95,USD,2024-03-18T02:12:56,Interest Payment
T00201,CL0088,AC10,,CH01,BK04,1566.43,USD,2024-03-18T09:21:57,Loan Payment
T00202,CL0132,AC02,P06,CH06,BK01,2641.76,USD,2024-03-18T21:34:29,Card Payment
T00203,CL0036,AC25,P02,CH01,BK01,1694.31,USD,2024-03-19T19:21:06,Card Payment
T00204,CL0003,AC16,P03,CH01,BK06,4820.27,USD,2024-03-20T08:52:57,Deposit
T00205,CL0161,AC04,P05,CH05,BK05,-1101.8,USD,2024-03-20T19:05:44,Interest Payment
T00206,CL0204,AC10,P02,CH03,BK01,1356.55,USD,2024-03-21T07:40:43,Commission Charge
T00207,CL0203,AC17,P08,CH01,BK07,-2331.78,USD,2024-03-22T01:54:16,Loan Payment
T00208,CL0174,AC07,P09,CH05,BK04,9820.16,USD,2024-03-22T13:13:43,Card Payment
T00209,CL0216,AC14,P02,CH06,BK07,1032.48,USD,2024-03-23T04:21:23,Card Payment
T00210,CL0021,AC20,P06,CH01,BK07,1042.81,USD,2024-03-23T09:13:01,Transfer
T00211,CL0095,AC01,P11,CH03,BK07,2376.61,USD,2024-03-23T11:40:39,Withdrawal
T00212,CL0195,AC10,P09,CH05,BK07,-3299.51,USD,2024-03-23T22:34:01,Deposit
T00213,CL0203,AC10,P10,CH06,BK02,2263.08,USD,2024-03-24T03:53:45,ATM Withdrawal
T00214,CL0086,AC19,P04,CH06,BK07,5279.51,USD,2024-03-24T20:30:18,Interest Payment
T00215,CL0247,AC09,P03,CH06,BK02,4401.67,USD,2024-03-25T11:57:13,Card Payment
T00216,CL0079,AC12,P06,CH04,BK03,-701.09,USD,2024-03-26T18:11:23,Withdrawal
T00217,CL0177,AC20,P06,CH02,BK03,1505.42,USD,2024-03-26T19:00:42,Card Payment
T00218,CL0209,AC18,P02,CH04,BK04,836.92,USD,2024-03-26T23:13:25,Transfer
T00219,CL0157,AC11,P06,CH02,BK04,-12.51,USD,2024-03-27T01:23:04,Deposit
T00220,CL0023,AC20,P07,CH01,BK01,1467.68,USD,2024-03-27T16:56:18,Withdrawal
T00221,CL0234,AC03,P05,CH02,BK07,1169.29,USD,2024-03-28T14:01:44,Loan Payment
T00222,CL0019,AC14,P06,CH06,BK05,7952.88,USD,2024-03-28T14:50:33,Withdrawal
T00223,CL0093,AC12,P06,CH01,BK05,8636.17,USD,2024-03-29T00:38:34,Interest Payment
T00224,CL0135,AC22,P01,CH05,BK02,-468.36,USD,2024-03-29T10:40:11,Card Payment
T00225,CL0125,AC24,P02,CH04,BK05,7036.86,USD,2024-03-29T10:54:58,ATM Withdrawal
T00226,CL0052,AC15,P09,CH03,BK04,6598.2,USD,2024-03-29T14:52:07,Foreign Exchange
T00227,CL0019,AC09,P09,CH02,BK01,2071.49,USD,2024-03-29T15:08:26,ATM Withdrawal
T00228,CL0033,AC02,P10,CH05,BK03,4761.84,USD,2024-03-30T10:06:34,Card Payment
T00229,CL0059,AC21,P02,CH04,BK03,9746.5,USD,2024-03-30T10:15:05,Transfer
T00230,CL0158,AC13,P09,CH03,BK04,419.93,USD,2024-03-30T15:16:45,Commission Charge
T00231,CL0139,AC21,P10,CH03,BK07,-1915.23,USD,2024-03-30T23:24:40,Deposit
T00232,CL0238,AC05,P06,CH06,BK02,1634.09,USD,2024-03-31T04:14:36,ATM Withdrawal
T00233,CL0181,AC04,P09,CH04,BK04,7962.34,USD,2024-03-31T09:07:10,Interest Payment
T00234,CL0034,AC07,P04,CH04,BK04,2984.44,USD,2024-03-31T11:09:11,Transfer
T00235,CL0230,AC08,P05,CH02,BK03,8060.86,USD,2024-03-31T19:41:38,Card Payment
T00236,CL0022,AC17,P09,CH01,BK01,-545.51,USD,2024-04-01T00:02:31,Card Payment
T00237,CL0160,AC13,P11,CH05,BK05,-3821.66,USD,2024-04-01T01:05:45,Interest Payment
T00238,CL0183,AC08,P10,CH04,BK06,4462.58,USD,2024-04-01T09:45:40,Loan Payment
T00239,CL0108,AC01,,CH06,BK06,3849.21,USD,2024-04-01T15:30:20,Deposit
T00240,CL0092,AC24,P10,CH06,BK07,4042.02,USD,2024-04-02T08:08:00,Transfer
T00241,CL0088,AC22,P08,CH02,BK06,7630.88,USD,2024-04-02T18:50:06,Transfer
T00242,CL0051,AC12,P03,CH04,BK01,2874.07,USD,2024-04-02T22:02:42,Withdrawal
T00243,CL0067,AC19,P08,CH05,BK06,2001.34,USD,2024-04-03T00:41:23,Interest Payment
T00244,CL0145,AC04,P11,CH05,BK07,5884.93,USD,2024-04-03T02:36:34,Transfer
T00245,CL0147,AC05,P02,CH05,BK04,6243.15,USD,2024-04-03T05:56:36,Mobile Transfer
T00246,CL0065,AC10,P02,CH05,BK04,9250.2,USD,2024-04-03T08:22:07,Deposit
T00247,CL0193,AC01,P09,CH02,BK04,9437.33,USD,2024-04-03T16:12:45,Card Payment
T00248,CL0044,AC09,P03,CH01,BK04,5796.74,USD,2024-04-04T05:51:22,Card Payment
T00249,CL0204,AC22,P09,CH05,BK03,-3668.35,USD,2024-04-04T06:44:17,ATM Withdrawal
T00250,CL0222,AC18,P06,CH04,BK01,3739.33,USD,2024-04-04T10:52:45,Transfer
T00251,CL0187,AC13,P04,CH04,BK01,2999.81,USD,2024-04-04T16:06:13,ATM Withdrawal
T00252,CL0100,AC04,P05,CH01,BK07,9739.04,USD,2024-04-05T07:13:08,Loan Payment
T00253,CL0143,AC08,,CH04,BK03,-843.44,USD,2024-04-06T03:34:25,Loan Payment
T00254,CL0005,AC24,P02,CH02,BK05,-1899.53,USD,2024-04-06T10:23:29,Loan Payment
T00255,CL0028,AC20,P02,CH01,BK03,-3097.29,USD,2024-04-06T11:19:35,Deposit
T00256,CL0099,AC05,P10,CH01,BK05,-3199.54,USD,2024-04-06T22:44:41,ATM Withdrawal
T00257,CL0233,AC01,P07,CH03,BK04,5859.25,USD,2024-04-08T06:01:12,Card Payment
T00258,CL0054,AC19,P09,CH05,BK07,1187.74,USD,2024-04-08T06:22:40,ATM Withdrawal
T00259,CL0247,AC17,P08,CH02,BK06,2118.14,USD,2024-04-08T10:40:28,Loan Payment
T00260,CL0076,AC07,P10,CH02,BK07,7045.71,USD,2024-04-08T11:48:17,Card Payment
T00261,CL0215,AC02,P01,CH01,BK01,-1440.68,USD,2024-04-08T16:50:07,ATM Withdrawal
T00262,CL0085,AC18,P09,CH06,BK05,1116.89,USD,2024-04-09T08:32:10,ATM Withdrawal
T00263,CL0214,AC12,P09,CH05,BK06,2845.02,USD,2024-04-10T00:43:16,Transfer
T00264,CL0183,AC16,P03,CH05,BK03,2956.08,USD,2024-04-10T02:32:02,Commission Charge
T00265,CL0015,AC24,P06,CH04,BK02,-1608.09,USD,2024-04-10T09:57:18,Transfer
T00266,CL0024,AC18,P02,CH01,BK05,-4345.39,USD,2024-04-10T22:00:30,Card Payment
T00267,CL0057,AC25,P01,CH02,BK05,455.11,USD,2024-04-11T16:12:52,Card Payment
T00268,CL0005,AC08,,CH04,BK03,1438.43,USD,2024-04-12T00:56:41,ATM Withdrawal
T00269,CL0187,AC11,P09,CH05,BK01,-4558.59,USD,2024-04-12T09:30:03,Foreign Exchange
T00270,CL0108,AC24,P08,CH06,BK01,1022.14,USD,2024-04-12T13:52:41,Commission Charge
T00271,CL0195,AC06,P09,CH05,BK04,7343.86,USD,2024-04-12T18:09:20,Withdrawal
T00272,CL0224,AC14,P07,CH05,BK01,1207.22,USD,2024-04-12T19:06:51,ATM Withdrawal
T00273,CL0038,AC01,P04,CH06,BK03,4697.82,USD,2024-04-13T07:52:57,Commission Charge
T00274,CL0168,AC20,,CH01,BK01,7712.9,USD,2024-04-13T09:16:04,Mobile Transfer
T00275,CL0014,AC16,P05,CH05,BK04,3176.12,USD,2024-04-13T17:46:53,ATM Withdrawal
T00276,CL0115,AC17,P06,CH03,BK06,-1158.15,USD,2024-04-13T18:35:52,Foreign Exchange
T00277,CL0219,AC13,P04,CH03,BK02,-4611.13,USD,2024-04-14T02:57:13,ATM Withdrawal
T00278,CL0202,AC02,P08,CH04,BK06,1440.28,USD,2024-04-14T11:54:36,Deposit
T00279,CL0080,AC16,P03,CH03,BK07,6902.21,USD,2024-04-14T19:12:03,ATM Withdrawal
T00280,CL0207,AC15,P08,CH05,BK02,-1741.75,USD,2024-04-15T05:14:14,Commission Charge
T00281,CL0047,AC18,P01,CH03,BK03,2789.06,USD,2024-04-15T07:25:38,Deposit
T00282,CL0163,AC04,P10,CH06,BK02,-3438.05,USD,2024-04-15T18:57:42,Foreign Exchange
T00283,CL0062,AC01,P09,CH02,BK05,793.45,USD,2024-04-16T02:00:14,Foreign Exchange
T00284,CL0043,AC23,P04,CH06,BK07,-969.4,USD,2024-04-16T02:13:57,Foreign Exchange
T00285,CL0070,AC19,P07,CH02,BK06,391.59,USD,2024-04-16T07:52:30,Interest Payment
T00286,CL0062,AC17,,CH05,BK06,7231.57,USD,2024-04-16T11:11:42,Deposit
T00287,CL0034,AC24,P05,CH02,BK05,2294.1,USD,2024-04-16T22:07:46,Deposit
T00288,CL0234,AC25,P11,CH02,BK04,-3125.45,USD,2024-04-17T10:01:31,Interest Payment
T00289,CL0041,AC24,,CH04,BK02,1422.49,USD,2024-04-18T10:25:49,Foreign Exchange
T00290,CL0104,AC03,P08,CH06,BK07,6550.89,USD,2024-04-18T21:14:49,Foreign Exchange
T00291,CL0144,AC15,P04,CH02,BK01,325.58,USD,2024-04-18T21:24:40,Transfer
T00292,CL0058,AC10,P02,CH03,BK03,3520.41,USD,2024-04-19T23:15:09,Transfer
T00293,CL0036,AC24,P10,CH01,BK05,-4872.98,USD,2024-04-20T02:48:41,Foreign Exchange
T00294,CL0204,AC01,P10,CH01,BK06,7840.06,USD,2024-04-21T10:32:17,Interest Payment
T00295,CL0105,AC23,P08,CH06,BK06,4615.2,USD,2024-04-21T19:51:33,Mobile Transfer
T00296,CL0071,AC04,P11,CH01,BK04,2385.91,USD,2024-04-22T14:42:25,Deposit
T00297,CL0019,AC03,P02,CH05,BK01,8456.18,USD,2024-04-22T16:19:58,Card Payment
T00298,CL0181,AC10,P02,CH06,BK03,5806.4,USD,2024-04-22T21:17:12,Deposit
T00299,CL0205,AC24,P03,CH01,BK05,-2520.98,USD,2024-04-22T21:41:05,Deposit
T00300,CL0113,AC07,P01,CH01,BK07,6592.97,USD,2024-04-22T21:58:50,Commission Charge
T00301,CL0081,AC16,P01,CH05,BK07,8060.83,USD,2024-04-23T01:58:58,Loan Payment
T00302,CL0215,AC09,P07,CH04,BK03,-1689.35,USD,2024-04-23T03:06:14,Withdrawal
T00303,CL0104,AC14,P10,CH03,BK03,7387.07,USD,2024-04-24T02:05:04,Card Payment
T00304,CL0184,AC06,P07,CH04,BK05,-190.32,USD,2024-04-24T10:02:42,Transfer
T00305,CL0067,AC20,P05,CH01,BK04,1131.6,USD,2024-04-24T12:29:02,Commission Charge
T00306,CL0121,AC08,P09,CH05,BK02,803.22,USD,2024-04-24T19:37:37,Mobile Transfer
T00307,CL0043,AC15,P08,CH01,BK02,2512.42,USD,2024-04-24T20:15:17,Deposit
T00308,CL0058,AC10,P09,CH04,BK02,2037.81,USD,2024-04-25T01:45:40,Interest Payment
T00309,CL0222,AC04,P06,CH05,BK06,2046.08,USD,2024-04-25T02:25:22,Foreign Exchange
T00310,CL0162,AC04,P11,CH02,BK02,-4091.42,USD,2024-04-25T13:50:46,ATM Withdrawal
T00311,CL0242,AC04,P10,CH05,BK07,2348.29,USD,2024-04-26T08:46:44,Foreign Exchange
T00312,CL0045,AC08,P01,CH01,BK03,9540.68,USD,2024-04-27T01:27:05,Card Payment
T00313,CL0243,AC19,P10,CH05,BK06,-3096.94,USD,2024-04-27T16:46:40,ATM Withdrawal
T00314,CL0180,AC17,P01,CH04,BK02,8189.58,USD,2024-04-27T22:56:09,Withdrawal
T00315,CL0122,AC21,P10,CH02,BK05,1859.25,USD,2024-04-28T13:05:11,Card Payment
T00316,CL0169,AC09,P09,CH06,BK07,5993.73,USD,2024-04-29T04:35:25,Mobile Transfer
T00317,CL0090,AC03,P09,CH01,BK05,9512.4,USD,2024-04-29T10:29:41,Commission Charge
T00318,CL0229,AC05,P04,CH04,BK05,444.31,USD,2024-04-29T15:06:17,Transfer
T00319,CL0225,AC03,P01,CH05,BK04,7706.81,USD,2024-04-29T16:37:12,Loan Payment
T00320,CL0202,AC15,P09,CH04,BK07,3447.07,USD,2024-04-29T20:33:32,Mobile Transfer
T00321,CL0068,AC22,P01,CH02,BK04,7085.91,USD,2024-04-29T22:40:59,Withdrawal
T00322,CL0226,AC15,P06,CH06,BK05,-1346,USD,2024-05-01T06:14:16,Interest Payment
T00323,CL0021,AC14,P01,CH02,BK03,89.08,USD,2024-05-01T07:43:04,ATM Withdrawal
T00324,CL0065,AC08,P08,CH05,BK02,5338.28,USD,2024-05-01T20:57:28,Loan Payment
T00325,CL0228,AC14,P08,CH06,BK03,-2855.86,USD,2024-05-02T00:37:00,Foreign Exchange
T00326,CL0094,AC20,P04,CH05,BK05,1700.54,USD,2024-05-02T08:35:36,Deposit
T00327,CL0244,AC22,P09,CH02,BK06,-3022.94,USD,2024-05-02T15:47:34,Mobile Transfer
T00328,CL0029,AC03,P06,CH04,BK06,772.35,USD,2024-05-03T05:11:16,Interest Payment
T00329,CL0056,AC23,P08,CH04,BK03,-1703.12,USD,2024-05-03T11:03:46,Deposit
T00330,CL0059,AC15,P01,CH04,BK04,-3569.76,USD,2024-05-03T14:43:51,Withdrawal
T00331,CL0068,AC19,P05,CH02,BK05,-612.64,USD,2024-05-03T19:07:06,Card Payment
T00332,CL0164,AC10,P04,CH05,BK04,-218.08,USD,2024-05-04T02:19:11,Withdrawal
T00333,CL0220,AC08,P11,CH04,BK01,7397.83,USD,2024-05-04T07:03:46,Commission Charge
T00334,CL0120,AC20,P11,CH06,BK01,-1061.7,USD,2024-05-05T02:02:06,Withdrawal
T00335,CL0221,AC03,P02,CH01,BK06,-230.3,USD,2024-05-05T22:27:48,Interest Payment
T00336,CL0014,AC09,P02,CH01,BK06,5491.98,USD,2024-05-06T02:04:07,Loan Payment
T00337,CL0030,AC09,P05,CH01,BK01,8079.62,USD,2024-05-06T11:18:48,Transfer
T00338,CL0073,AC25,P05,CH05,BK01,778.02,USD,2024-05-06T11:27:15,Commission Charge
T00339,CL0057,AC15,,CH06,BK01,1877.78,USD,2024-05-06T16:14:06,Interest Payment
T00340,CL0242,AC15,P09,CH03,BK05,5259.75,USD,2024-05-06T18:42:04,Withdrawal
T00341,CL0236,AC15,P09,CH06,BK04,3180.97,USD,2024-05-07T11:41:57,Card Payment
T00342,CL0034,AC13,P10,CH04,BK01,340.67,USD,2024-05-07T14:25:49,Commission Charge
T00343,CL0014,AC06,P01,CH01,BK04,6049.69,USD,2024-05-07T15:36:30,Deposit
T00344,CL0156,AC02,P10,CH05,BK04,8013.38,USD,2024-05-07T18:18:01,Transfer
T00345,CL0140,AC21,P07,CH05,BK04,5972.47,USD,2024-05-08T04:30:18,Transfer
T00346,CL0239,AC21,P10,CH02,BK03,-2507.9,USD,2024-05-08T09:20:28,Foreign Exchange
T00347,CL0172,AC21,P08,CH03,BK03,3047.64,USD,2024-05-08T18:46:33,Withdrawal
T00348,CL0142,AC20,P02,CH04,BK04,3287.33,USD,2024-05-09T02:15:13,Commission Charge
T00349,CL0161,AC25,P04,CH01,BK06,2131.11,USD,2024-05-09T20:18:32,Deposit
T00350,CL0150,AC20,P01,CH01,BK06,-4853.73,USD,2024-05-09T23:43:01,ATM Withdrawal
T00351,CL0162,AC16,P06,CH04,BK01,9557.34,USD,2024-05-10T10:57:55,Foreign Exchange
T00352,CL0057,AC23,P09,CH01,BK01,7262.2,USD,2024-05-10T16:51:05,Commission Charge
T00353,CL0049,AC14,P06,CH05,BK02,676.89,USD,2024-05-10T19:06:09,ATM Withdrawal
T00354,CL0219,AC17,P04,CH06,BK07,2642.54,USD,2024-05-11T13:27:31,Transfer
T00355,CL0158,AC24,P04,CH02,BK04,-3170.33,USD,2024-05-12T12:49:21,Card Payment
T00356,CL0204,AC13,P10,CH01,BK04,1884.82,USD,2024-05-12T14:10:18,ATM Withdrawal
T00357,CL0107,AC14,P08,CH06,BK04,-2282.31,USD,2024-05-13T07:14:50,Withdrawal
T00358,CL0006,AC21,P05,CH04,BK07,-1761.2,USD,2024-05-13T08:56:42,Loan Payment
T00359,CL0133,AC04,P11,CH06,BK07,1715.14,USD,2024-05-13T09:22:17,Commission Charge
T00360,CL0067,AC04,P03,CH03,BK07,4979.92,USD,2024-05-13T09:24:13,Mobile Transfer
T00361,CL0162,AC16,P05,CH05,BK07,3157.02,USD,2024-05-13T22:16:27,Deposit
T00362,CL0040,AC09,P08,CH02,BK07,5237.11,USD,2024-05-14T06:12:31,Mobile Transfer
T00363,CL0101,AC01,,CH02,BK05,7025.36,USD,2024-05-14T06:44:38,Commission Charge
T00364,CL0068,AC20,P05,CH03,BK06,8861.02,USD,2024-05-14T17:01:11,Deposit
T00365,CL0089,AC16,P03,CH04,BK01,795.85,USD,2024-05-14T20:30:23,Withdrawal
T00366,CL0056,AC19,P04,CH02,BK07,6976.77,USD,2024-05-15T01:25:37,Foreign Exchange
T00367,CL0246,AC24,P07,CH03,BK03,8790.94,USD,2024-05-15T02:02:49,Loan Payment
T00368,CL0229,AC02,P07,CH04,BK01,-3801.79,USD,2024-05-16T12:11:22,Loan Payment
T00369,CL0132,AC18,,CH06,BK03,646.65,USD,2024-05-16T18:48:51,Interest Payment
T00370,CL0211,AC12,P01,CH05,BK05,8216.7,USD,2024-05-16T20:40:14,Loan Payment
T00371,CL0015,AC19,,CH04,BK07,-1153.79,USD,2024-05-17T00:49:38,Loan Payment
T00372,CL0132,AC03,P10,CH01,BK06,3729.51,USD,2024-05-17T04:53:42,Deposit
T00373,CL0011,AC07,P07,CH02,BK07,105.13,USD,2024-05-17T11:58:26,Transfer
T00374,CL0087,AC07,P08,CH05,BK06,6536.85,USD,2024-05-19T00:57:32,Card Payment
T00375,CL0127,AC19,P08,CH06,BK07,-1804.06,USD,2024-05-19T19:52:46,Mobile Transfer
T00376,CL0102,AC06,P03,CH02,BK02,8513.16,USD,2024-05-19T19:55:30,Mobile Transfer
T00377,CL0121,AC14,P07,CH02,BK05,2993.8,USD,2024-05-20T11:50:21,Deposit
T00378,CL0232,AC10,P09,CH05,BK06,1429.07,USD,2024-05-20T23:09:55,Mobile Transfer
T00379,CL0029,AC09,P10,CH03,BK06,-3536.87,USD,2024-05-21T00:52:50,Interest Payment
T00380,CL0220,AC22,P08,CH01,BK07,2323.97,USD,2024-05-21T05:27:09,ATM Withdrawal
T00381,CL0250,AC22,P04,CH05,BK05,4665.75,USD,2024-05-21T05:38:43,ATM Withdrawal
T00382,CL0047,AC03,P07,CH05,BK03,-4032.16,USD,2024-05-22T00:09:47,Interest Payment
T00383,CL0151,AC07,P02,CH03,BK06,1531.91,USD,2024-05-22T00:47:58,Transfer
T00384,CL0173,AC14,P05,CH02,BK02,-3481.17,USD,2024-05-23T11:32:11,Deposit
T00385,CL0177,AC14,P08,CH06,BK04,2925.48,USD,2024-05-23T17:32:50,Commission Charge
T00386,CL0141,AC01,P01,CH06,BK01,-2162.21,USD,2024-05-23T20:22:55,Interest Payment
T00387,CL0130,AC10,P03,CH06,BK01,9420.61,USD,2024-05-23T21:19:19,Withdrawal
T00388,CL0086,AC04,P03,CH05,BK06,9779.19,USD,2024-05-25T01:32:49,Foreign Exchange
T00389,CL0033,AC06,P11,CH06,BK02,7847.12,USD,2024-05-26T04:15:31,Interest Payment
T00390,CL0159,AC05,P02,CH04,BK06,-1837.45,USD,2024-05-26T13:51:45,Mobile Transfer
T00391,CL0009,AC10,P04,CH05,BK05,-4749.05,USD,2024-05-27T13:06:13,Foreign Exchange
T00392,CL0138,AC09,,CH01,BK04,4535.24,USD,2024-05-27T18:40:00,Commission Charge
T00393,CL0130,AC10,P02,CH05,BK03,8672.18,USD,2024-05-27T19:40:55,Commission Charge
T00394,CL0103,AC12,,CH03,BK07,-4629.08,USD,2024-05-27T20:57:08,Foreign Exchange
T00395,CL0135,AC16,P10,CH01,BK02,-2976.97,USD,2024-05-28T00:01:25,Mobile Transfer
T00396,CL0233,AC18,P07,CH03,BK03,515.38,USD,2024-05-28T10:35:47,Transfer
T00397,CL0219,AC21,P04,CH03,BK01,5091.43,USD,2024-05-28T21:15:04,Withdrawal
T00398,CL0204,AC15,P07,CH01,BK04,4604.82,USD,2024-05-29T14:21:39,Foreign Exchange
T00399,CL0201,AC24,P08,CH04,BK06,-2330.92,USD,2024-05-29T22:35:02,Loan Payment
T00400,CL0141,AC09,P05,CH04,BK02,8115.64,USD,2024-05-29T22:49:11,Transfer
T00401,CL0048,AC15,P02,CH01,BK04,-2813.59,USD,2024-05-30T01:41:48,Commission Charge
T00402,CL0054,AC15,P04,CH03,BK02,6861.17,USD,2024-05-30T07:32:02,Mobile Transfer
T00403,CL0242,AC18,P06,CH05,BK03,-4414.82,USD,2024-05-31T02:33:52,Foreign Exchange
T00404,CL0034,AC01,P04,CH01,BK01,-2358.96,USD,2024-05-31T12:27:38,Mobile Transfer
T00405,CL0122,AC22,,CH06,BK02,1831.29,USD,2024-06-01T01:12:29,ATM Withdrawal
T00406,CL0118,AC25,P04,CH01,BK04,72.78,USD,2024-06-01T08:55:35,Mobile Transfer
T00407,CL0210,AC16,P05,CH02,BK01,4558.44,USD,2024-06-01T10:09:20,Foreign Exchange
T00408,CL0155,AC11,P04,CH05,BK03,-4374.7,USD,2024-06-01T10:44:58,Deposit
T00409,CL0209,AC01,P08,CH04,BK01,8194.53,USD,2024-06-02T11:03:13,ATM Withdrawal
T00410,CL0088,AC18,P07,CH02,BK06,-798.19,USD,2024-06-03T12:17:31,Deposit
T00411,CL0041,AC01,P04,CH06,BK04,995.16,USD,2024-06-03T19:23:36,Withdrawal
T00412,CL0231,AC14,P06,CH04,BK02,3951.98,USD,2024-06-04T03:43:13,Withdrawal
T00413,CL0111,AC08,P03,CH05,BK07,-683.78,USD,2024-06-04T12:20:49,Card Payment
T00414,CL0169,AC02,P08,CH05,BK06,6559.31,USD,2024-06-04T16:24:11,Mobile Transfer
T00415,CL0193,AC05,P08,CH04,BK01,1433.41,USD,2024-06-05T00:05:35,Mobile Transfer
T00416,CL0067,AC13,,CH05,BK05,-4065.2,USD,2024-06-05T02:33:52,Foreign Exchange
T00417,CL0175,AC02,P04,CH05,BK05,4335.06,USD,2024-06-05T07:46:47,Foreign Exchange
T00418,CL0134,AC10,P08,CH04,BK04,7130.74,USD,2024-06-05T09:18:45,Interest Payment
T00419,CL0171,AC07,,CH05,BK02,-4010.64,USD,2024-06-05T14:10:10,Commission Charge
T00420,CL0093,AC25,P10,CH02,BK07,2020.34,USD,2024-06-05T23:32:16,Card Payment
T00421,CL0171,AC09,P04,CH05,BK04,-2513.15,USD,2024-06-06T01:18:01,Foreign Exchange
T00422,CL0227,AC02,P01,CH03,BK04,-3502.39,USD,2024-06-06T22:48:13,Commission Charge
T00423,CL0058,AC22,,CH05,BK03,3738.79,USD,2024-06-07T07:29:12,Deposit
T00424,CL0250,AC13,P07,CH04,BK01,314.83,USD,2024-06-08T14:40:38,Commission Charge
T00425,CL0219,AC07,P07,CH03,BK07,3184.66,USD,2024-06-08T16:01:33,ATM Withdrawal
T00426,CL0031,AC15,P11,CH01,BK01,9397.34,USD,2024-06-08T16:17:40,Mobile Transfer
T00427,CL0239,AC16,P01,CH04,BK01,5049.3,USD,2024-06-08T23:38:02,Deposit
T00428,CL0205,AC17,P02,CH01,BK06,3071.61,USD,2024-06-09T00:45:44,Interest Payment
T00429,CL0171,AC14,,CH06,BK04,1533.71,USD,2024-06-09T13:12:03,Deposit
T00430,CL0165,AC10,P10,CH04,BK04,-189.25,USD,2024-06-09T14:19:12,Loan Payment
T00431,CL0249,AC05,P10,CH03,BK06,-3562.25,USD,2024-06-09T21:32:36,Interest Payment
T00432,CL0237,AC09,P10,CH04,BK06,6487.48,USD,2024-06-10T08:16:29,Interest Payment
T00433,CL0206,AC09,P06,CH02,BK01,4223.42,USD,2024-06-11T01:10:58,Foreign Exchange
T00434,CL0010,AC07,P02,CH02,BK06,4107.63,USD,2024-06-11T01:44:09,Deposit
T00435,CL0081,AC09,P09,CH05,BK06,2785.06,USD,2024-06-11T09:23:14,Loan Payment
T00436,CL0237,AC06,P07,CH04,BK06,-1469.62,USD,2024-06-11T11:09:26,Loan Payment
T00437,CL0180,AC13,P08,CH01,BK06,1244.54,USD,2024-06-11T12:30:24,Loan Payment
T00438,CL0191,AC02,,CH05,BK04,5552.64,USD,2024-06-11T13:53:57,Transfer
T00439,CL0221,AC21,P10,CH05,BK05,-3629.15,USD,2024-06-12T02:14:06,Transfer
T00440,CL0087,AC02,P06,CH02,BK01,1166.11,USD,2024-06-12T19:55:48,Withdrawal
T00441,CL0091,AC04,P04,CH02,BK01,8659.41,USD,2024-06-12T21:49:46,Loan Payment
T00442,CL0068,AC19,,CH04,BK06,2721.71,USD,2024-06-13T08:24:15,Card Payment
T00443,CL0145,AC16,P09,CH04,BK05,4607.91,USD,2024-06-14T11:41:01,Interest Payment
T00444,CL0082,AC10,P05,CH03,BK07,-1552.27,USD,2024-06-15T01:58:23,Mobile Transfer
T00445,CL0166,AC11,P03,CH02,BK07,-1240.55,USD,2024-06-15T05:05:11,Card Payment
T00446,CL0147,AC06,P04,CH03,BK04,7475.71,USD,2024-06-15T07:35:13,Interest Payment
T00447,CL0023,AC09,P07,CH02,BK01,-878.43,USD,2024-06-15T17:42:32,Loan Payment
T00448,CL0008,AC06,P10,CH05,BK06,1820.75,USD,2024-06-15T18:39:48,Deposit
T00449,CL0241,AC09,P06,CH03,BK07,2387.73,USD,2024-06-16T14:33:35,Transfer
T00450,CL0037,AC18,P05,CH05,BK03,3472.85,USD,2024-06-16T21:47:15,Deposit
T00451,CL0117,AC22,P09,CH05,BK01,9677.26,USD,2024-06-17T20:32:44,Deposit
T00452,CL0216,AC12,P04,CH05,BK06,9304.4,USD,2024-06-17T22:07:00,Loan Payment
T00453,CL0053,AC24,P08,CH05,BK07,8024.12,USD,2024-06-18T03:08:17,Foreign Exchange
T00454,CL0054,AC11,P01,CH01,BK01,-4260.56,USD,2024-06-18T06:17:22,Card Payment
T00455,CL0015,AC19,P05,CH05,BK06,-2584.97,USD,2024-06-18T09:32:22,Commission Charge
T00456,CL0091,AC21,P03,CH02,BK02,3159.52,USD,2024-06-18T11:17:23,Mobile Transfer
T00457,CL0078,AC03,P01,CH06,BK03,7039.94,USD,2024-06-18T18:07:14,Loan Payment
T00458,CL0040,AC19,P08,CH04,BK07,2608.26,USD,2024-06-18T19:03:07,Interest Payment
T00459,CL0185,AC05,P04,CH02,BK05,5618.47,USD,2024-06-19T00:35:52,Interest Payment
T00460,CL0096,AC08,,CH05,BK03,728.47,USD,2024-06-19T07:33:42,Deposit
T00461,CL0229,AC04,P02,CH05,BK06,7313.56,USD,2024-06-19T14:05:45,Interest Payment
T00462,CL0193,AC14,,CH06,BK05,4827.22,USD,2024-06-19T16:16:03,Withdrawal
T00463,CL0021,AC07,P04,CH05,BK03,3528.65,USD,2024-06-20T08:31:17,Transfer
T00464,CL0076,AC18,P05,CH05,BK03,9793.34,USD,2024-06-20T11:02:43,Mobile Transfer
T00465,CL0125,AC05,P04,CH06,BK06,9163.56,USD,2024-06-20T18:33:52,Deposit
T00466,CL0232,AC20,,CH03,BK05,1472.78,USD,2024-06-21T08:17:14,Withdrawal
T00467,CL0227,AC14,P01,CH04,BK04,9316.03,USD,2024-06-21T08:40:27,ATM Withdrawal
T00468,CL0213,AC12,P05,CH05,BK02,-2491.31,USD,2024-06-21T09:24:11,Mobile Transfer
T00469,CL0012,AC15,P11,CH04,BK04,6692.84,USD,2024-06-21T15:07:21,ATM Withdrawal
T00470,CL0228,AC14,,CH05,BK03,-2642.02,USD,2024-06-22T19:26:54,Mobile Transfer
T00471,CL0212,AC08,P06,CH02,BK04,1469.3,USD,2024-06-22T20:15:53,Interest Payment
T00472,CL0010,AC23,P05,CH06,BK05,4470.81,USD,2024-06-23T00:03:20,Interest Payment
T00473,CL0106,AC03,P11,CH04,BK01,3246.87,USD,2024-06-23T11:07:36,Foreign Exchange
T00474,CL0134,AC22,P10,CH01,BK05,944.32,USD,2024-06-23T12:54:12,Foreign Exchange
T00475,CL0006,AC20,P01,CH04,BK05,3739.69,USD,2024-06-23T18:13:37,Transfer
T00476,CL0136,AC13,P08,CH01,BK06,6455.73,USD,2024-06-24T01:44:35,Commission Charge
T00477,CL0017,AC14,P03,CH01,BK02,8076.67,USD,2024-06-24T15:31:30,Mobile Transfer
T00478,CL0241,AC11,P04,CH02,BK06,-1510.45,USD,2024-06-25T08:44:28,Interest Payment
T00479,CL0065,AC11,P08,CH06,BK04,1859.98,USD,2024-06-25T21:28:02,Withdrawal
T00480,CL0247,AC25,P01,CH05,BK04,1775.5,USD,2024-06-25T23:05:15,Withdrawal
T00481,CL0244,AC17,P09,CH01,BK01,-1350.46,USD,2024-06-26T03:11:04,Interest Payment
T00482,CL0091,AC12,P02,CH06,BK03,2475.53,USD,2024-06-26T07:42:01,ATM Withdrawal
T00483,CL0239,AC21,,CH05,BK07,580.39,USD,2024-06-26T08:35:58,Withdrawal
T00484,CL0025,AC23,P11,CH05,BK02,8848.1,USD,2024-06-26T18:56:08,Card Payment
T00485,CL0207,AC14,,CH02,BK03,45.75,USD,2024-06-26T20:48:26,Commission Charge
T00486,CL0008,AC07,,CH04,BK06,-3472.87,USD,2024-06-28T01:58:19,ATM Withdrawal
T00487,CL0169,AC21,,CH03,BK05,-3514.64,USD,2024-06-28T13:27:32,Foreign Exchange
T00488,CL0135,AC06,,CH04,BK04,1159.63,USD,2024-06-28T14:19:15,Interest Payment
T00489,CL0124,AC14,P06,CH03,BK01,8909.27,USD,2024-06-28T22:12:18,Foreign Exchange
T00490,CL0005,AC20,P07,CH02,BK07,8182.81,USD,2024-06-29T00:23:02,Mobile Transfer
T00491,CL0091,AC11,P10,CH03,BK02,-2926.93,USD,2024-06-29T03:07:27,Loan Payment
T00492,CL0209,AC08,P09,CH04,BK04,1119.84,USD,2024-06-29T13:57:13,ATM Withdrawal
T00493,CL0099,AC18,P04,CH05,BK06,-4748.12,USD,2024-06-29T14:40:42,Transfer
T00494,CL0006,AC09,P01,CH01,BK05,3264.52,USD,2024-06-29T20:28:27,Commission Charge
T00495,CL0250,AC22,P07,CH05,BK04,6803.42,USD,2024-06-30T02:12:12,Withdrawal
T00496,CL0168,AC19,P08,CH06,BK02,-1860.63,USD,2024-06-30T06:59:30,Card Payment
T00497,CL0152,AC05,P11,CH05,BK05,-2019.93,USD,2024-06-30T14:58:02,Interest Payment
T00498,CL0074,AC09,P10,CH03,BK07,2356.48,USD,2024-06-30T19:12:44,Card Payment
T00499,CL0084,AC14,,CH01,BK05,5813.45,USD,2024-07-01T00:51:22,ATM Withdrawal
T00500,CL0194,AC25,P08,CH03,BK01,3750.51,USD,2024-07-01T02:55:50,Loan Payment
T00501,CL0025,AC23,P05,CH01,BK05,-3059.38,USD,2024-07-01T12:58:37,Interest Payment
T00502,CL0129,AC03,,CH03,BK03,3080.12,USD,2024-07-01T15:39:01,Withdrawal
T00503,CL0070,AC03,P09,CH05,BK06,6551.36,USD,2024-07-02T01:03:03,ATM Withdrawal
T00504,CL0014,AC05,P07,CH04,BK03,-465.14,USD,2024-07-02T15:50:24,Foreign Exchange
T00505,CL0017,AC01,P02,CH04,BK03,7097.63,USD,2024-07-03T00:14:57,Deposit
T00506,CL0026,AC24,P03,CH01,BK03,8645.41,USD,2024-07-03T19:36:04,Card Payment
T00507,CL0038,AC14,P10,CH01,BK03,-4745.07,USD,2024-07-03T22:44:20,Commission Charge
T00508,CL0111,AC03,P04,CH02,BK06,-4454.49,USD,2024-07-03T23:58:58,Withdrawal
T00509,CL0073,AC11,P10,CH06,BK03,9179.71,USD,2024-07-04T03:10:48,Card Payment
T00510,CL0038,AC15,P05,CH06,BK05,2370.11,USD,2024-07-04T21:36:41,Transfer
T00511,CL0224,AC01,P06,CH06,BK05,-882.04,USD,2024-07-05T02:34:17,Foreign Exchange
T00512,CL0175,AC25,P11,CH06,BK05,7043.12,USD,2024-07-05T10:11:28,Loan Payment
T00513,CL0006,AC18,P04,CH03,BK07,-2753.64,USD,2024-07-05T15:53:16,Commission Charge
T00514,CL0195,AC22,P08,CH05,BK04,-2649.16,USD,2024-07-06T02:56:06,Commission Charge
T00515,CL0049,AC24,P07,CH03,BK03,-3024.17,USD,2024-07-07T00:37:43,Mobile Transfer
T00516,CL0093,AC07,P03,CH02,BK03,-793.39,USD,2024-07-07T03:17:34,Commission Charge
T00517,CL0107,AC19,P02,CH06,BK06,6823.71,USD,2024-07-07T22:41:38,ATM Withdrawal
T00518,CL0188,AC06,P11,CH02,BK07,-3311.33,USD,2024-07-07T22:47:12,Transfer
T00519,CL0151,AC25,P04,CH04,BK05,7444.28,USD,2024-07-07T23:19:17,Card Payment
T00520,CL0061,AC21,P10,CH06,BK02,7533.57,USD,2024-07-09T00:21:36,Withdrawal
T00521,CL0154,AC12,P01,CH05,BK05,-3243.46,USD,2024-07-09T04:19:32,ATM Withdrawal
T00522,CL0067,AC03,P10,CH04,BK06,-3655.58,USD,2024-07-09T12:19:50,Card Payment
T00523,CL0019,AC02,,CH05,BK02,6585.5,USD,2024-07-09T14:09:19,Interest Payment
T00524,CL0114,AC05,P08,CH04,BK07,4843.7,USD,2024-07-10T09:08:46,Commission Charge
T00525,CL0173,AC07,P05,CH02,BK06,6743.47,USD,2024-07-10T19:04:40,Foreign Exchange
T00526,CL0063,AC03,P01,CH06,BK01,8581.97,USD,2024-07-10T19:53:59,Mobile Transfer
T00527,CL0002,AC17,P05,CH04,BK03,-306.5,USD,2024-07-11T19:22:50,Withdrawal
T00528,CL0235,AC11,P05,CH06,BK05,-3815.3,USD,2024-07-11T20:53:01,Transfer
T00529,CL0241,AC24,P02,CH01,BK07,2571.06,USD,2024-07-11T22:39:57,Loan Payment
T00530,CL0138,AC06,,CH06,BK02,-3900.02,USD,2024-07-12T15:13:45,Mobile Transfer
T00531,CL0030,AC25,P09,CH04,BK01,9472.23,USD,2024-07-12T19:15:05,Loan Payment
T00532,CL0155,AC21,P01,CH01,BK02,-2148.53,USD,2024-07-12T20:23:52,Card Payment
T00533,CL0177,AC23,,CH05,BK05,-1144.59,USD,2024-07-13T06:30:23,Transfer
T00534,CL0122,AC25,P04,CH03,BK05,8378.2,USD,2024-07-13T17:29:41,Deposit
T00535,CL0129,AC04,P11,CH04,BK03,1794.92,USD,2024-07-14T04:59:27,Foreign Exchange
T00536,CL0212,AC13,P07,CH04,BK03,-340.68,USD,2024-07-14T08:40:12,Commission Charge
T00537,CL0002,AC04,P01,CH05,BK05,1188.14,USD,2024-07-14T18:36:33,ATM Withdrawal
T00538,CL0021,AC02,,CH01,BK02,9834.4,USD,2024-07-15T01:59:56,Foreign Exchange
T00539,CL0012,AC05,P07,CH01,BK04,3474.78,USD,2024-07-15T21:02:54,Loan Payment
T00540,CL0215,AC08,P11,CH05,BK07,1412.39,USD,2024-07-16T09:24:29,Mobile Transfer
T00541,CL0021,AC24,P11,CH01,BK05,453.62,USD,2024-07-16T21:56:32,Foreign Exchange
T00542,CL0114,AC13,P03,CH04,BK02,9968.77,USD,2024-07-17T18:02:20,Withdrawal
T00543,CL0154,AC04,P03,CH01,BK06,271.36,USD,2024-07-18T04:59:19,Card Payment
T00544,CL0123,AC22,P03,CH06,BK04,2382.33,USD,2024-07-18T20:47:25,Interest Payment
T00545,CL0185,AC04,P04,CH05,BK02,6147.77,USD,2024-07-19T14:14:39,ATM Withdrawal
T00546,CL0064,AC20,P01,CH02,BK07,4835.38,USD,2024-07-19T22:55:00,Loan Payment
T00547,CL0126,AC13,P11,CH05,BK07,7992.93,USD,2024-07-20T03:28:04,Loan Payment
T00548,CL0129,AC19,P05,CH04,BK02,-1815.21,USD,2024-07-20T09:22:28,ATM Withdrawal
T00549,CL0212,AC11,P02,CH06,BK05,3563.91,USD,2024-07-20T10:36:30,Transfer
T00550,CL0067,AC17,P07,CH06,BK06,4922.27,USD,2024-07-20T20:58:58,Withdrawal
T00551,CL0087,AC02,P01,CH04,BK01,8699.22,USD,2024-07-20T21:12:27,Loan Payment
T00552,CL0208,AC10,P09,CH06,BK06,4046.68,USD,2024-07-21T00:19:19,Interest Payment
T00553,CL0152,AC24,P09,CH05,BK04,3293.68,USD,2024-07-22T11:19:10,Withdrawal
T00554,CL0083,AC14,P02,CH03,BK06,6737.61,USD,2024-07-23T06:47:28,Mobile Transfer
T00555,CL0098,AC19,P11,CH03,BK01,-970.45,USD,2024-07-23T10:47:10,ATM Withdrawal
T00556,CL0100,AC25,P03,CH04,BK03,-478.87,USD,2024-07-23T11:35:03,ATM Withdrawal
T00557,CL0040,AC23,P07,CH02,BK03,8319.93,USD,2024-07-23T12:42:24,Mobile Transfer
T00558,CL0184,AC19,P01,CH03,BK03,-1479.83,USD,2024-07-23T17:01:58,Foreign Exchange
T00559,CL0144,AC07,P09,CH06,BK04,7591.63,USD,2024-07-25T09:51:59,Card Payment
T00560,CL0244,AC10,P04,CH02,BK03,4865.97,USD,2024-07-25T10:32:51,Foreign Exchange
T00561,CL0174,AC06,P10,CH03,BK07,6636.93,USD,2024-07-25T17:04:25,Transfer
T00562,CL0057,AC15,P05,CH03,BK05,589.03,USD,2024-07-25T19:26:24,Foreign Exchange
T00563,CL0106,AC24,P02,CH02,BK07,-3430.59,USD,2024-07-25T20:46:38,Withdrawal
T00564,CL0014,AC15,P05,CH03,BK03,2340.68,USD,2024-07-26T03:10:41,Transfer
T00565,CL0250,AC03,P05,CH01,BK06,8242.41,USD,2024-07-27T15:27:25,Commission Charge
T00566,CL0250,AC20,P06,CH02,BK03,1312.41,USD,2024-07-27T16:05:13,Loan Payment
T00567,CL0168,AC09,,CH02,BK04,9282.07,USD,2024-07-27T16:57:59,Foreign Exchange
T00568,CL0213,AC05,P02,CH01,BK05,7077.75,USD,2024-07-28T08:48:54,Transfer
T00569,CL0150,AC21,P09,CH03,BK06,4157.4,USD,2024-07-28T13:41:39,ATM Withdrawal
T00570,CL0129,AC19,P09,CH03,BK01,9518.53,USD,2024-07-28T15:58:28,ATM Withdrawal
T00571,CL0083,AC12,P02,CH06,BK04,-3534.02,USD,2024-07-28T18:14:59,ATM Withdrawal
T00572,CL0006,AC15,P01,CH01,BK06,1553.55,USD,2024-07-29T01:15:26,Interest Payment
T00573,CL0039,AC05,P03,CH03,BK06,-2020.34,USD,2024-07-29T01:16:58,Card Payment
T00574,CL0241,AC06,P05,CH03,BK03,-4693.01,USD,2024-07-29T10:42:40,ATM Withdrawal
T00575,CL0202,AC19,P03,CH04,BK02,3469.31,USD,2024-07-29T23:32:15,Mobile Transfer
T00576,CL0105,AC17,P01,CH04,BK03,6743.5,USD,2024-07-30T05:00:39,Card Payment
T00577,CL0067,AC03,P08,CH01,BK01,7262.28,USD,2024-07-30T09:30:23,Foreign Exchange
T00578,CL0117,AC16,P04,CH04,BK06,-152.15,USD,2024-07-30T17:49:27,Loan Payment
T00579,CL0144,AC20,P08,CH02,BK03,-2374.14,USD,2024-07-30T20:27:53,Card Payment
T00580,CL0230,AC22,P04,CH03,BK02,6642.24,USD,2024-07-31T05:56:22,Interest Payment
T00581,CL0228,AC18,P03,CH04,BK01,6518.71,USD,2024-07-31T22:01:38,Transfer
T00582,CL0205,AC25,,CH05,BK05,-3351.68,USD,2024-07-31T23:13:37,Interest Payment
T00583,CL0147,AC21,P10,CH04,BK02,7423.96,USD,2024-08-01T03:44:05,Transfer
T00584,CL0088,AC12,P06,CH06,BK07,-2498.58,USD,2024-08-01T21:53:47,Interest Payment
T00585,CL0053,AC18,P05,CH03,BK04,9397.12,USD,2024-08-01T23:01:19,Deposit
T00586,CL0125,AC18,P04,CH06,BK07,-1167.83,USD,2024-08-02T20:00:08,Withdrawal
T00587,CL0184,AC12,P10,CH06,BK04,1132.77,USD,2024-08-03T22:43:35,Commission Charge
T00588,CL0174,AC15,P02,CH04,BK04,-745.9,USD,2024-08-04T01:02:04,Commission Charge
T00589,CL0246,AC05,P06,CH01,BK05,-1922.32,USD,2024-08-04T02:58:27,Transfer
T00590,CL0095,AC05,P02,CH01,BK04,-1088.62,USD,2024-08-04T08:04:39,Transfer
T00591,CL0134,AC03,P04,CH03,BK05,557.8,USD,2024-08-04T22:39:50,Commission Charge
T00592,CL0124,AC24,P06,CH01,BK03,349.4,USD,2024-08-05T08:11:51,Commission Charge
T00593,CL0232,AC04,P09,CH06,BK04,5391.15,USD,2024-08-05T12:12:46,Interest Payment
T00594,CL0047,AC02,P06,CH05,BK03,4116.33,USD,2024-08-06T01:32:15,Deposit
T00595,CL0089,AC24,P08,CH02,BK03,3121.57,USD,2024-08-06T02:30:24,Card Payment
T00596,CL0120,AC02,P05,CH02,BK03,3388.68,USD,2024-08-06T04:53:59,Commission Charge
T00597,CL0008,AC17,P11,CH01,BK07,8302.22,USD,2024-08-07T08:14:47,Withdrawal
T00598,CL0055,AC22,P11,CH03,BK02,4882.25,USD,2024-08-07T15:47:59,Withdrawal
T00599,CL0115,AC09,P08,CH05,BK02,-3107.62,USD,2024-08-07T23:30:21,Deposit
T00600,CL0155,AC18,P08,CH04,BK04,-575.57,USD,2024-08-08T03:54:22,Transfer
T00601,CL0178,AC07,P02,CH01,BK06,2464.34,USD,2024-08-08T04:25:15,Interest Payment
T00602,CL0014,AC06,P11,CH05,BK02,8950.1,USD,2024-08-08T10:56:54,Mobile Transfer
T00603,CL0065,AC11,,CH04,BK05,9884.84,USD,2024-08-09T06:32:58,Mobile Transfer
T00604,CL0085,AC01,P08,CH04,BK02,5475.09,USD,2024-08-09T19:29:19,Deposit
T00605,CL0112,AC08,P03,CH05,BK02,1811,USD,2024-08-09T22:47:23,Deposit
T00606,CL0090,AC25,P11,CH06,BK04,7869.09,USD,2024-08-09T23:17:18,ATM Withdrawal
T00607,CL0225,AC13,P03,CH06,BK05,728.92,USD,2024-08-10T11:38:07,Withdrawal
T00608,CL0200,AC03,,CH05,BK02,9562.08,USD,2024-08-10T18:27:33,Card Payment
T00609,CL0217,AC22,P06,CH05,BK03,-3131.83,USD,2024-08-11T02:14:37,Foreign Exchange
T00610,CL0187,AC14,P03,CH02,BK01,-743.2,USD,2024-08-11T06:54:49,Withdrawal
T00611,CL0028,AC21,P02,CH04,BK03,5201.33,USD,2024-08-11T17:49:36,Foreign Exchange
T00612,CL0202,AC04,P01,CH05,BK04,3444.26,USD,2024-08-12T05:54:33,Transfer
T00613,CL0099,AC05,,CH05,BK03,8756.17,USD,2024-08-12T22:12:49,Commission Charge
T00614,CL0232,AC03,P04,CH02,BK01,3053.97,USD,2024-08-13T18:35:35,Foreign Exchange
T00615,CL0036,AC22,P05,CH05,BK07,8933.93,USD,2024-08-14T02:08:51,Card Payment
T00616,CL0216,AC01,P05,CH01,BK03,4483.22,USD,2024-08-14T07:19:12,ATM Withdrawal
T00617,CL0186,AC09,P03,CH02,BK02,-4431.1,USD,2024-08-14T11:24:45,Card Payment
T00618,CL0145,AC21,P01,CH02,BK06,2628.25,USD,2024-08-15T02:03:28,Withdrawal
T00619,CL0194,AC11,P01,CH05,BK02,9263.66,USD,2024-08-15T03:44:38,Withdrawal
T00620,CL0070,AC24,P04,CH04,BK07,6793.62,USD,2024-08-15T04:26:09,Withdrawal
T00621,CL0088,AC02,P01,CH04,BK01,6813.61,USD,2024-08-15T08:59:58,Withdrawal
T00622,CL0173,AC16,P08,CH06,BK07,4063.11,USD,2024-08-15T13:58:11,ATM Withdrawal
T00623,CL0116,AC03,P03,CH01,BK04,8668.9,USD,2024-08-16T04:01:52,Transfer
T00624,CL0150,AC15,P07,CH02,BK06,3212.07,USD,2024-08-16T05:16:57,Card Payment
T00625,CL0007,AC13,P07,CH01,BK06,5118.45,USD,2024-08-16T05:56:49,Commission Charge
T00626,CL0056,AC24,P10,CH03,BK06,-2741.95,USD,2024-08-16T11:30:29,Transfer
T00627,CL0161,AC10,P10,CH01,BK02,5483.17,USD,2024-08-17T05:38:18,Withdrawal
T00628,CL0129,AC21,P05,CH03,BK06,-447.7,USD,2024-08-17T19:32:59,Mobile Transfer
T00629,CL0149,AC19,P01,CH03,BK03,8011.64,USD,2024-08-17T23:18:54,Commission Charge
T00630,CL0029,AC16,P10,CH01,BK02,1851.09,USD,2024-08-19T06:01:58,Interest Payment
T00631,CL0224,AC08,P11,CH05,BK05,6556.61,USD,2024-08-19T15:37:13,Deposit
T00632,CL0002,AC15,P11,CH04,BK02,-513.88,USD,2024-08-19T22:50:38,Transfer
T00633,CL0011,AC09,P11,CH04,BK04,-2490.72,USD,2024-08-20T11:19:22,Transfer
T00634,CL0193,AC01,P01,CH01,BK04,6789.71,USD,2024-08-21T11:53:31,Card Payment
T00635,CL0236,AC19,P01,CH04,BK07,5659.09,USD,2024-08-21T13:13:06,ATM Withdrawal
T00636,CL0011,AC01,P03,CH06,BK07,4365.76,USD,2024-08-21T20:51:06,Commission Charge
T00637,CL0028,AC01,P09,CH02,BK06,-2409.23,USD,2024-08-21T20:59:54,Card Payment
T00638,CL0215,AC18,P10,CH05,BK04,-4634.84,USD,2024-08-22T06:25:16,Loan Payment
T00639,CL0157,AC11,,CH05,BK04,3927.51,USD,2024-08-22T18:45:16,Commission Charge
T00640,CL0144,AC14,P11,CH02,BK02,9867.9,USD,2024-08-23T08:21:39,Loan Payment
T00641,CL0039,AC20,P10,CH04,BK05,-2162.26,USD,2024-08-23T08:51:58,Interest Payment
T00642,CL0005,AC03,,CH02,BK02,9755.85,USD,2024-08-23T12:35:11,Commission Charge
T00643,CL0055,AC08,P11,CH01,BK05,3357.82,USD,2024-08-23T18:53:55,Transfer
T00644,CL0186,AC22,P06,CH01,BK04,5079.58,USD,2024-08-24T17:12:27,Interest Payment
T00645,CL0006,AC23,P11,CH05,BK01,768.93,USD,2024-08-24T18:14:11,Loan Payment
T00646,CL0211,AC08,,CH03,BK07,9587.74,USD,2024-08-24T22:27:16,Interest Payment
T00647,CL0160,AC24,P11,CH06,BK05,-3967.27,USD,2024-08-26T10:36:18,Withdrawal
T00648,CL0087,AC10,,CH03,BK05,3317.23,USD,2024-08-26T12:36:09,Deposit
T00649,CL0115,AC04,P04,CH05,BK05,-773.24,USD,2024-08-27T01:22:04,Deposit
T00650,CL0166,AC07,P08,CH03,BK05,5042.67,USD,2024-08-27T02:18:30,ATM Withdrawal
T00651,CL0175,AC03,P03,CH02,BK06,1398.64,USD,2024-08-27T11:01:47,Withdrawal
T00652,CL0161,AC13,P08,CH05,BK07,1684.1,USD,2024-08-27T17:24:37,Foreign Exchange
T00653,CL0158,AC03,P09,CH02,BK05,1630.37,USD,2024-08-27T18:06:26,Deposit
T00654,CL0229,AC11,P07,CH06,BK01,-536.95,USD,2024-08-27T18:23:08,Transfer
T00655,CL0221,AC07,P09,CH04,BK01,8484.64,USD,2024-08-27T22:12:34,Mobile Transfer
T00656,CL0167,AC23,P11,CH04,BK05,2423.88,USD,2024-08-28T16:18:53,Commission Charge
T00657,CL0129,AC20,P04,CH04,BK07,-55.5,USD,2024-08-29T00:34:44,Loan Payment
T00658,CL0016,AC12,P04,CH01,BK07,104.35,USD,2024-08-29T09:00:48,ATM Withdrawal
T00659,CL0135,AC07,P09,CH05,BK02,6785.41,USD,2024-08-29T17:52:48,Transfer
T00660,CL0217,AC03,P01,CH01,BK03,5915.52,USD,2024-08-29T22:58:37,Deposit
T00661,CL0215,AC12,,CH01,BK04,-1404.92,USD,2024-08-30T17:06:28,Mobile Transfer
T00662,CL0163,AC13,P09,CH06,BK02,9185.43,USD,2024-08-31T13:29:36,Card Payment
T00663,CL0036,AC02,P11,CH03,BK03,-1098.11,USD,2024-08-31T17:38:18,ATM Withdrawal
T00664,CL0227,AC03,P11,CH01,BK01,5102.01,USD,2024-09-01T07:21:38,Withdrawal
T00665,CL0106,AC05,P11,CH02,BK02,5916.33,USD,2024-09-01T12:48:19,Mobile Transfer
T00666,CL0181,AC14,P02,CH02,BK01,7020.07,USD,2024-09-01T14:40:47,Interest Payment
T00667,CL0247,AC04,,CH06,BK07,-1728.93,USD,2024-09-02T05:39:57,Transfer
T00668,CL0035,AC14,P10,CH02,BK02,7494.96,USD,2024-09-02T10:01:55,Transfer
T00669,CL0092,AC20,P05,CH03,BK04,-2766.8,USD,2024-09-02T22:20:33,Mobile Transfer
T00670,CL0123,AC20,P02,CH03,BK03,2070.47,USD,2024-09-03T00:01:20,Transfer
T00671,CL0153,AC03,P04,CH02,BK07,5123.6,USD,2024-09-03T08:01:41,Commission Charge
T00672,CL0137,AC11,P02,CH04,BK05,406.64,USD,2024-09-03T12:15:05,Withdrawal
T00673,CL0116,AC06,P02,CH05,BK07,-2401.17,USD,2024-09-04T15:38:12,Card Payment
T00674,CL0119,AC03,P09,CH03,BK05,2554.93,USD,2024-09-05T02:41:31,Loan Payment
T00675,CL0158,AC25,P07,CH04,BK02,-3283.99,USD,2024-09-05T05:42:28,ATM Withdrawal
T00676,CL0036,AC17,P05,CH05,BK05,-131.01,USD,2024-09-05T07:13:11,Mobile Transfer
T00677,CL0173,AC15,P03,CH03,BK06,-788.45,USD,2024-09-05T15:39:58,Commission Charge
T00678,CL0185,AC06,P10,CH04,BK07,3056.73,USD,2024-09-06T21:46:47,Foreign Exchange
T00679,CL0127,AC15,P07,CH06,BK05,2145.29,USD,2024-09-07T01:38:22,Foreign Exchange
T00680,CL0162,AC06,P04,CH06,BK02,-3387.17,USD,2024-09-07T18:00:34,Foreign Exchange
T00681,CL0235,AC20,P08,CH04,BK07,183.52,USD,2024-09-07T18:03:53,Foreign Exchange
T00682,CL0148,AC07,P10,CH01,BK02,448.15,USD,2024-09-08T02:17:57,Commission Charge
T00683,CL0193,AC16,,CH05,BK02,-658.56,USD,2024-09-08T08:40:26,Deposit
T00684,CL0217,AC12,P01,CH03,BK01,9828.5,USD,2024-09-08T09:24:26,Interest Payment
T00685,CL0092,AC07,P01,CH01,BK05,-1443.04,USD,2024-09-09T18:40:27,Commission Charge
T00686,CL0167,AC05,P03,CH03,BK07,4179.51,USD,2024-09-10T03:12:11,Mobile Transfer
T00687,CL0220,AC15,P07,CH04,BK05,-4911.77,USD,2024-09-10T10:11:32,Card Payment
T00688,CL0191,AC06,P01,CH01,BK04,7238.96,USD,2024-09-10T17:52:08,Interest Payment
T00689,CL0211,AC10,,CH01,BK02,-4556.22,USD,2024-09-10T21:48:12,Card Payment
T00690,CL0042,AC01,P01,CH06,BK02,9286.03,USD,2024-09-11T17:05:26,Foreign Exchange
T00691,CL0233,AC03,P05,CH05,BK04,7341.04,USD,2024-09-12T16:31:20,Commission Charge
T00692,CL0215,AC13,P06,CH01,BK07,-264.37,USD,2024-09-12T18:24:00,Interest Payment
T00693,CL0061,AC06,P11,CH04,BK03,-3235.08,USD,2024-09-13T03:05:04,Transfer
T00694,CL0123,AC22,P02,CH01,BK02,-2643.27,USD,2024-09-13T13:00:53,Withdrawal
T00695,CL0145,AC01,P08,CH01,BK04,9611.67,USD,2024-09-13T17:19:35,Deposit
T00696,CL0089,AC23,P04,CH01,BK02,2.91,USD,2024-09-14T08:01:50,Mobile Transfer
T00697,CL0032,AC06,P11,CH04,BK01,-3326.56,USD,2024-09-14T09:02:34,Commission Charge
T00698,CL0046,AC10,P02,CH05,BK06,1908.32,USD,2024-09-14T19:49:43,Card Payment
T00699,CL0245,AC05,P03,CH04,BK06,-4730.45,USD,2024-09-14T21:35:01,Mobile Transfer
T00700,CL0029,AC20,P09,CH05,BK01,7127.35,USD,2024-09-15T00:34:18,ATM Withdrawal
T00701,CL0197,AC03,P03,CH03,BK03,8528.15,USD,2024-09-15T07:08:25,Card Payment
T00702,CL0083,AC17,P07,CH02,BK04,6034.16,USD,2024-09-16T06:08:02,Commission Charge
T00703,CL0041,AC12,P02,CH05,BK05,-3661.51,USD,2024-09-16T08:56:13,Interest Payment
T00704,CL0063,AC15,P02,CH04,BK06,8974.64,USD,2024-09-16T20:53:40,Mobile Transfer
T00705,CL0235,AC22,P06,CH01,BK07,1535.15,USD,2024-09-18T06:04:39,Deposit
T00706,CL0121,AC02,P02,CH01,BK07,2029.16,USD,2024-09-18T13:58:45,Deposit
T00707,CL0076,AC11,P10,CH02,BK01,7865.71,USD,2024-09-18T19:58:46,Commission Charge
T00708,CL0039,AC07,P11,CH03,BK04,1541.26,USD,2024-09-18T22:25:42,Withdrawal
T00709,CL0124,AC01,P11,CH06,BK03,-2111.26,USD,2024-09-18T23:17:39,Interest Payment
T00710,CL0109,AC19,P04,CH04,BK05,-3029.2,USD,2024-09-19T03:24:22,Foreign Exchange
T00711,CL0012,AC21,,CH02,BK05,-2662.4,USD,2024-09-19T04:33:14,Foreign Exchange
T00712,CL0072,AC24,P08,CH05,BK04,6415.51,USD,2024-09-19T20:10:51,Withdrawal
T00713,CL0009,AC25,P03,CH01,BK05,7396.91,USD,2024-09-20T18:04:16,Mobile Transfer
T00714,CL0095,AC21,P08,CH04,BK05,-2829.62,USD,2024-09-20T19:50:08,ATM Withdrawal
T00715,CL0083,AC08,P02,CH01,BK01,7725.28,USD,2024-09-21T00:17:33,Card Payment
T00716,CL0043,AC11,,CH02,BK04,5309.92,USD,2024-09-21T01:25:37,Foreign Exchange
T00717,CL0225,AC06,P09,CH01,BK04,9575.86,USD,2024-09-21T19:21:49,Mobile Transfer
T00718,CL0030,AC07,P08,CH05,BK05,-2129.87,USD,2024-09-21T21:20:59,Foreign Exchange
T00719,CL0184,AC13,P03,CH04,BK01,-1135.66,USD,2024-09-21T22:20:00,Loan Payment
T00720,CL0181,AC15,P05,CH02,BK06,2595.73,USD,2024-09-22T01:38:24,Commission Charge
T00721,CL0031,AC01,P05,CH03,BK01,8240.33,USD,2024-09-22T11:15:59,Interest Payment
T00722,CL0077,AC11,,CH03,BK07,-97.44,USD,2024-09-22T22:23:52,ATM Withdrawal
T00723,CL0068,AC25,P07,CH05,BK04,6623.35,USD,2024-09-23T02:53:04,Interest Payment
T00724,CL0246,AC18,P03,CH03,BK03,7940.87,USD,2024-09-23T09:19:11,Withdrawal
T00725,CL0170,AC07,P05,CH06,BK06,2398.94,USD,2024-09-24T00:37:05,Loan Payment
T00726,CL0218,AC08,,CH05,BK04,1114.04,USD,2024-09-24T03:44:07,Commission Charge
T00727,CL0014,AC15,P01,CH06,BK05,980.54,USD,2024-09-24T06:22:18,Card Payment
T00728,CL0093,AC08,P05,CH03,BK07,-4834.49,USD,2024-09-24T16:39:26,Transfer
T00729,CL0115,AC24,P04,CH03,BK02,-883.05,USD,2024-09-25T02:39:11,ATM Withdrawal
T00730,CL0023,AC09,P07,CH03,BK03,5220.79,USD,2024-09-25T13:16:40,Interest Payment
T00731,CL0235,AC20,P09,CH06,BK01,-425.36,USD,2024-09-26T04:05:43,Deposit
T00732,CL0130,AC03,P06,CH04,BK01,-1494.78,USD,2024-09-26T04:07:09,Loan Payment
T00733,CL0200,AC20,P01,CH06,BK03,5362.83,USD,2024-09-26T04:10:27,ATM Withdrawal
T00734,CL0175,AC11,P10,CH06,BK07,-3630.51,USD,2024-09-26T11:23:27,Card Payment
T00735,CL0136,AC04,P11,CH05,BK06,-693.65,USD,2024-09-27T02:03:50,Withdrawal
T00736,CL0069,AC08,P08,CH03,BK02,-4650.03,USD,2024-09-28T04:29:49,Interest Payment
T00737,CL0054,AC19,P09,CH04,BK07,-3598.91,USD,2024-09-28T17:46:45,Interest Payment
T00738,CL0078,AC12,P11,CH06,BK05,2307.59,USD,2024-09-28T18:58:29,Withdrawal
T00739,CL0149,AC04,P07,CH03,BK03,1755.55,USD,2024-09-29T03:13:56,Deposit
T00740,CL0092,AC02,P10,CH03,BK06,-2790.49,USD,2024-09-29T10:25:12,Transfer
T00741,CL0026,AC10,P01,CH03,BK07,4962.85,USD,2024-09-29T18:20:05,Transfer
T00742,CL0212,AC24,P11,CH05,BK06,-4421.57,USD,2024-09-30T04:59:40,Transfer
T00743,CL0230,AC13,P02,CH02,BK06,-3591.62,USD,2024-09-30T12:51:57,Deposit
T00744,CL0051,AC24,P01,CH02,BK04,-1428.89,USD,2024-09-30T13:59:27,Card Payment
T00745,CL0076,AC03,P09,CH03,BK04,943.5,USD,2024-09-30T14:56:35,Loan Payment
T00746,CL0119,AC02,P07,CH04,BK03,6221.38,USD,2024-10-01T01:02:13,Mobile Transfer
T00747,CL0112,AC18,P10,CH04,BK01,-2918.91,USD,2024-10-01T02:51:48,Mobile Transfer
T00748,CL0051,AC16,P07,CH03,BK06,-2897.03,USD,2024-10-01T07:41:17,ATM Withdrawal
T00749,CL0066,AC19,P10,CH03,BK04,1571.88,USD,2024-10-01T17:14:32,Commission Charge
T00750,CL0161,AC22,P02,CH05,BK04,2687.1,USD,2024-10-01T17:49:35,Loan Payment
T00751,CL0180,AC06,P02,CH06,BK07,6675.72,USD,2024-10-02T18:47:06,Interest Payment
T00752,CL0129,AC17,P11,CH03,BK02,2905.3,USD,2024-10-02T19:39:28,Commission Charge
T00753,CL0048,AC15,P06,CH01,BK02,1010.51,USD,2024-10-03T04:00:06,Mobile Transfer
T00754,CL0159,AC12,P04,CH05,BK04,-1937.68,USD,2024-10-03T05:04:26,Loan Payment
T00755,CL0099,AC08,P06,CH06,BK05,-4900.11,USD,2024-10-03T08:37:46,Mobile Transfer
T00756,CL0246,AC17,,CH04,BK02,-4450.72,USD,2024-10-03T11:37:19,Commission Charge
T00757,CL0247,AC15,P01,CH06,BK01,1888.06,USD,2024-10-03T11:58:14,Transfer
T00758,CL0232,AC06,P11,CH05,BK02,-954.45,USD,2024-10-03T16:11:57,Foreign Exchange
T00759,CL0045,AC04,P08,CH01,BK01,-1894.67,USD,2024-10-03T18:12:56,ATM Withdrawal
T00760,CL0020,AC01,P08,CH06,BK01,-2375.92,USD,2024-10-04T08:14:39,Interest Payment
T00761,CL0040,AC19,P06,CH03,BK05,5251.02,USD,2024-10-04T09:41:07,Withdrawal
T00762,CL0044,AC21,P07,CH04,BK03,-4762.02,USD,2024-10-05T19:07:22,Deposit
T00763,CL0032,AC07,P01,CH02,BK06,3015.65,USD,2024-10-08T06:37:32,Card Payment
T00764,CL0229,AC22,P02,CH04,BK06,3980.75,USD,2024-10-08T19:12:02,Transfer
T00765,CL0004,AC01,P09,CH04,BK07,5451.46,USD,2024-10-08T19:50:01,Deposit
T00766,CL0031,AC22,P04,CH06,BK03,-1664.4,USD,2024-10-09T12:52:37,Transfer
T00767,CL0244,AC11,P05,CH02,BK03,-2516.67,USD,2024-10-10T01:15:35,Commission Charge
T00768,CL0154,AC09,P06,CH01,BK03,7430.88,USD,2024-10-10T07:03:20,Mobile Transfer
T00769,CL0206,AC17,P08,CH04,BK03,-2479.92,USD,2024-10-10T12:19:51,ATM Withdrawal
T00770,CL0173,AC25,,CH01,BK05,-1847.54,USD,2024-10-10T12:46:12,Interest Payment
T00771,CL0222,AC15,P08,CH05,BK03,1523.06,USD,2024-10-10T18:13:42,Transfer
T00772,CL0208,AC24,P08,CH03,BK04,-3742.35,USD,2024-10-10T23:48:28,Mobile Transfer
T00773,CL0013,AC06,P02,CH01,BK01,8913.78,USD,2024-10-11T07:52:02,Interest Payment
T00774,CL0231,AC05,P07,CH06,BK05,26.98,USD,2024-10-11T13:34:45,Interest Payment
T00775,CL0090,AC23,P09,CH01,BK07,803.24,USD,2024-10-11T20:25:38,Mobile Transfer
T00776,CL0184,AC15,P04,CH04,BK07,55.57,USD,2024-10-12T02:46:46,Card Payment
T00777,CL0247,AC25,P10,CH03,BK04,-4806.1,USD,2024-10-12T08:29:31,Withdrawal
T00778,CL0061,AC16,P03,CH03,BK07,-2470.25,USD,2024-10-13T16:00:06,Foreign Exchange
T00779,CL0114,AC11,P01,CH02,BK03,-4788.06,USD,2024-10-13T17:14:02,Loan Payment
T00780,CL0220,AC21,P08,CH02,BK05,5353.42,USD,2024-10-17T04:48:02,Withdrawal
T00781,CL0190,AC07,P05,CH05,BK03,6891.58,USD,2024-10-17T14:52:13,Transfer
T00782,CL0044,AC09,P08,CH03,BK05,1556.1,USD,2024-10-17T15:01:16,Card Payment
T00783,CL0107,AC02,P09,CH05,BK04,3386.71,USD,2024-10-17T18:50:02,Commission Charge
T00784,CL0099,AC11,P07,CH03,BK01,5619.13,USD,2024-10-18T04:54:32,ATM Withdrawal
T00785,CL0007,AC20,P09,CH03,BK06,99.87,USD,2024-10-18T07:32:46,Foreign Exchange
T00786,CL0163,AC13,P10,CH01,BK07,9852.08,USD,2024-10-18T10:53:26,Withdrawal
T00787,CL0153,AC05,P07,CH01,BK03,2699.27,USD,2024-10-18T13:52:24,Loan Payment
T00788,CL0238,AC14,P09,CH06,BK05,5886.01,USD,2024-10-18T14:25:15,ATM Withdrawal
T00789,CL0167,AC08,P07,CH03,BK01,4400.11,USD,2024-10-19T03:16:27,Loan Payment
T00790,CL0039,AC21,P07,CH06,BK01,-1417.52,USD,2024-10-19T04:35:34,Commission Charge
T00791,CL0100,AC08,P09,CH02,BK02,-4231.78,USD,2024-10-19T18:11:33,ATM Withdrawal
T00792,CL0224,AC10,P05,CH01,BK05,8525.24,USD,2024-10-19T21:22:07,Commission Charge
T00793,CL0231,AC09,P07,CH02,BK05,-3765.26,USD,2024-10-19T23:46:13,Commission Charge
T00794,CL0100,AC03,P08,CH02,BK01,-4203.48,USD,2024-10-20T04:02:14,Commission Charge
T00795,CL0209,AC21,P08,CH03,BK04,-1373.66,USD,2024-10-20T16:34:50,Deposit
T00796,CL0047,AC24,P03,CH06,BK01,6853.71,USD,2024-10-20T19:49:42,Loan Payment
T00797,CL0024,AC10,P05,CH02,BK02,4281.97,USD,2024-10-21T07:55:24,Withdrawal
T00798,CL0007,AC07,,CH01,BK01,-2539.83,USD,2024-10-21T13:02:41,Mobile Transfer
T00799,CL0076,AC03,P05,CH04,BK01,5566.76,USD,2024-10-21T18:26:59,Card Payment
T00800,CL0110,AC23,P11,CH03,BK05,6172.86,USD,2024-10-22T00:24:08,Deposit
T00801,CL0213,AC04,,CH01,BK05,9591.89,USD,2024-10-22T03:21:45,Deposit
T00802,CL0107,AC24,P11,CH02,BK07,-383.56,USD,2024-10-22T11:04:28,Commission Charge
T00803,CL0249,AC20,P06,CH06,BK02,4234.83,USD,2024-10-22T11:48:41,Mobile Transfer
T00804,CL0180,AC20,P05,CH04,BK05,5399.16,USD,2024-10-22T13:52:39,Transfer
T00805,CL0004,AC25,P04,CH03,BK03,-3021.73,USD,2024-10-22T18:55:32,Interest Payment
T00806,CL0225,AC09,P02,CH04,BK07,6957.9,USD,2024-10-23T20:37:22,Card Payment
T00807,CL0231,AC01,P01,CH06,BK01,8002.28,USD,2024-10-24T12:00:59,Transfer
T00808,CL0156,AC24,P03,CH01,BK06,-250.8,USD,2024-10-24T22:20:37,ATM Withdrawal
T00809,CL0208,AC03,P04,CH01,BK03,-902.32,USD,2024-10-25T05:38:54,Withdrawal
T00810,CL0225,AC23,P03,CH02,BK02,415.75,USD,2024-10-25T11:08:28,Loan Payment
T00811,CL0145,AC01,P04,CH02,BK04,1137.13,USD,2024-10-25T20:53:28,Interest Payment
T00812,CL0165,AC06,P10,CH04,BK04,-2662.48,USD,2024-10-25T23:01:24,Transfer
T00813,CL0177,AC03,,CH05,BK05,-4635.12,USD,2024-10-26T09:46:59,Interest Payment
T00814,CL0054,AC04,P04,CH01,BK05,-1158.06,USD,2024-10-26T10:50:53,Interest Payment
T00815,CL0151,AC11,P11,CH05,BK02,6641.51,USD,2024-10-26T13:03:50,Loan Payment
T00816,CL0082,AC01,P10,CH04,BK07,-4852.33,USD,2024-10-26T15:08:22,ATM Withdrawal
T00817,CL0024,AC16,,CH02,BK01,3214.68,USD,2024-10-26T19:32:52,Loan Payment
T00818,CL0074,AC02,P05,CH05,BK01,5720.68,USD,2024-10-27T09:02:38,Transfer
T00819,CL0123,AC21,P10,CH06,BK07,-2690.36,USD,2024-10-27T21:52:06,Card Payment
T00820,CL0024,AC21,P07,CH02,BK03,-775.68,USD,2024-10-28T03:35:40,Mobile Transfer
T00821,CL0025,AC18,P06,CH05,BK05,-2799.31,USD,2024-10-28T08:54:10,Transfer
T00822,CL0220,AC08,P10,CH03,BK02,-1099.86,USD,2024-10-28T21:33:54,Loan Payment
T00823,CL0206,AC20,,CH05,BK02,7796.92,USD,2024-10-29T04:31:56,Mobile Transfer
T00824,CL0053,AC19,P08,CH03,BK05,7439.22,USD,2024-10-29T07:47:34,Commission Charge
T00825,CL0246,AC02,,CH04,BK07,6388.83,USD,2024-10-29T17:47:54,Interest Payment
T00826,CL0242,AC19,P11,CH01,BK03,5882.97,USD,2024-10-29T18:33:06,Mobile Transfer
T00827,CL0157,AC01,,CH04,BK03,-942.56,USD,2024-10-30T03:29:37,Deposit
T00828,CL0156,AC24,P04,CH02,BK02,9381.4,USD,2024-10-30T13:02:21,ATM Withdrawal
T00829,CL0042,AC14,P11,CH01,BK05,-948,USD,2024-10-30T13:50:22,Loan Payment
T00830,CL0129,AC10,P01,CH05,BK03,3705.33,USD,2024-10-31T00:53:48,Loan Payment
T00831,CL0221,AC19,P03,CH06,BK01,552.25,USD,2024-10-31T02:16:52,Interest Payment
T00832,CL0121,AC12,P04,CH06,BK07,-4001.36,USD,2024-10-31T05:56:19,Mobile Transfer
T00833,CL0026,AC14,P11,CH02,BK04,3087.32,USD,2024-10-31T18:16:47,Transfer
T00834,CL0072,AC24,P05,CH03,BK07,7157.64,USD,2024-11-01T04:04:20,Transfer
T00835,CL0198,AC17,P04,CH03,BK07,7188.89,USD,2024-11-01T19:34:27,Withdrawal
T00836,CL0109,AC03,P01,CH04,BK03,2631.5,USD,2024-11-02T07:31:44,Card Payment
T00837,CL0038,AC16,P08,CH03,BK03,1174.22,USD,2024-11-02T08:10:25,ATM Withdrawal
T00838,CL0194,AC17,P01,CH04,BK04,7113.11,USD,2024-11-02T12:51:29,Card Payment
T00839,CL0086,AC08,P08,CH05,BK06,5316.35,USD,2024-11-02T20:59:56,Commission Charge
T00840,CL0041,AC12,P11,CH06,BK06,-2746.57,USD,2024-11-03T02:52:32,Foreign Exchange
T00841,CL0110,AC01,P06,CH05,BK07,620.23,USD,2024-11-04T00:06:15,Mobile Transfer
T00842,CL0076,AC20,P07,CH06,BK04,-4264.52,USD,2024-11-04T13:53:49,Card Payment
T00843,CL0134,AC18,P06,CH06,BK04,-425.36,USD,2024-11-05T17:59:21,Commission Charge
T00844,CL0123,AC17,,CH01,BK02,-3537.27,USD,2024-11-05T18:50:01,Transfer
T00845,CL0233,AC03,,CH03,BK05,-20.83,USD,2024-11-06T00:07:51,Commission Charge
T00846,CL0142,AC09,P09,CH04,BK03,9260.81,USD,2024-11-06T01:08:31,Loan Payment
T00847,CL0017,AC20,P03,CH06,BK03,1372.97,USD,2024-11-06T09:33:29,Loan Payment
T00848,CL0037,AC08,P01,CH02,BK07,9316.14,USD,2024-11-06T14:57:03,Card Payment
T00849,CL0119,AC14,P05,CH04,BK05,1398.04,USD,2024-11-06T22:59:17,Interest Payment
T00850,CL0039,AC25,P06,CH06,BK01,-2919.53,USD,2024-11-07T06:05:37,ATM Withdrawal
T00851,CL0043,AC19,P10,CH03,BK06,8434.64,USD,2024-11-07T13:27:45,Withdrawal
T00852,CL0118,AC20,P07,CH03,BK05,8718.89,USD,2024-11-07T15:00:31,Mobile Transfer
T00853,CL0161,AC13,P09,CH04,BK02,-4839.59,USD,2024-11-07T21:44:14,Commission Charge
T00854,CL0051,AC23,,CH05,BK04,8062.79,USD,2024-11-08T00:01:00,Transfer
T00855,CL0175,AC19,P11,CH01,BK07,3170.25,USD,2024-11-08T16:40:41,Card Payment
T00856,CL0194,AC05,P01,CH04,BK04,9600.06,USD,2024-11-09T03:01:32,Commission Charge
T00857,CL0137,AC10,P01,CH03,BK01,6502.41,USD,2024-11-09T07:19:25,Withdrawal
T00858,CL0142,AC08,P08,CH02,BK05,445.79,USD,2024-11-09T08:15:45,Withdrawal
T00859,CL0230,AC09,P03,CH04,BK02,-3940.49,USD,2024-11-09T12:40:31,ATM Withdrawal
T00860,CL0151,AC15,P06,CH04,BK06,-3759.19,USD,2024-11-09T17:57:42,Mobile Transfer
T00861,CL0224,AC21,P07,CH06,BK04,-350.68,USD,2024-11-09T21:36:14,Foreign Exchange
T00862,CL0068,AC22,,CH01,BK07,5185.56,USD,2024-11-10T08:57:40,Withdrawal
T00863,CL0228,AC03,P02,CH06,BK01,696.25,USD,2024-11-10T13:24:07,Withdrawal
T00864,CL0117,AC06,P09,CH05,BK05,-261.67,USD,2024-11-11T11:59:41,Mobile Transfer
T00865,CL0178,AC02,P05,CH06,BK06,9777.67,USD,2024-11-11T13:42:17,Interest Payment
T00866,CL0058,AC14,,CH05,BK05,-3424.45,USD,2024-11-11T18:49:41,Loan Payment
T00867,CL0140,AC18,P05,CH05,BK03,-3942.55,USD,2024-11-12T02:35:07,Foreign Exchange
T00868,CL0204,AC22,P08,CH05,BK05,-134.81,USD,2024-11-12T10:28:58,Deposit
T00869,CL0111,AC06,,CH03,BK07,1650.62,USD,2024-11-12T12:23:28,Deposit
T00870,CL0156,AC21,P06,CH01,BK06,813.83,USD,2024-11-12T15:02:51,Commission Charge
T00871,CL0167,AC01,P10,CH03,BK07,5203.01,USD,2024-11-12T19:58:38,ATM Withdrawal
T00872,CL0180,AC11,,CH04,BK07,4505.3,USD,2024-11-13T09:54:42,Mobile Transfer
T00873,CL0226,AC09,,CH06,BK02,-2127.22,USD,2024-11-13T10:00:11,Deposit
T00874,CL0091,AC20,P09,CH06,BK06,8584.74,USD,2024-11-13T14:05:12,Card Payment
T00875,CL0201,AC02,P10,CH03,BK07,4922.73,USD,2024-11-13T18:47:13,Commission Charge
T00876,CL0193,AC06,P06,CH05,BK03,-4773.68,USD,2024-11-14T01:48:07,Loan Payment
T00877,CL0115,AC21,P08,CH02,BK02,-2340.72,USD,2024-11-14T22:20:41,Foreign Exchange
T00878,CL0226,AC10,P05,CH06,BK07,9637.14,USD,2024-11-15T01:40:30,Transfer
T00879,CL0058,AC03,P02,CH05,BK01,-2614.73,USD,2024-11-15T07:40:18,Foreign Exchange
T00880,CL0188,AC05,P07,CH03,BK05,-3746.51,USD,2024-11-15T15:42:02,Card Payment
T00881,CL0055,AC04,P09,CH03,BK02,4862.66,USD,2024-11-16T08:09:00,Foreign Exchange
T00882,CL0245,AC03,P05,CH03,BK05,-799.7,USD,2024-11-16T09:32:45,Withdrawal
T00883,CL0183,AC05,P01,CH06,BK05,-4690.25,USD,2024-11-16T13:23:16,Deposit
T00884,CL0166,AC21,P04,CH02,BK07,1051.71,USD,2024-11-16T21:22:19,Transfer
T00885,CL0129,AC15,P01,CH04,BK04,-2159.8,USD,2024-11-17T03:42:41,Interest Payment
T00886,CL0130,AC04,P09,CH04,BK07,-4184.42,USD,2024-11-18T01:51:13,Transfer
T00887,CL0193,AC22,P05,CH04,BK06,-1374.49,USD,2024-11-18T23:32:45,Commission Charge
T00888,CL0188,AC10,P07,CH03,BK02,7608.59,USD,2024-11-19T01:36:48,ATM Withdrawal
T00889,CL0197,AC16,P07,CH03,BK07,-557.35,USD,2024-11-19T04:04:26,Card Payment
T00890,CL0107,AC18,P02,CH06,BK06,-1809.36,USD,2024-11-19T04:44:52,Transfer
T00891,CL0050,AC23,P06,CH03,BK05,5973.28,USD,2024-11-19T08:00:09,Commission Charge
T00892,CL0114,AC20,,CH06,BK01,9182.08,USD,2024-11-19T17:13:49,Loan Payment
T00893,CL0059,AC05,P04,CH03,BK06,9842.06,USD,2024-11-19T17:37:04,Withdrawal
T00894,CL0150,AC05,P09,CH03,BK03,-4503.88,USD,2024-11-20T19:46:53,Loan Payment
T00895,CL0236,AC18,P05,CH02,BK07,-1371.42,USD,2024-11-21T09:50:15,Mobile Transfer
T00896,CL0242,AC19,P11,CH03,BK02,5845.39,USD,2024-11-21T19:40:54,Foreign Exchange
T00897,CL0027,AC02,P05,CH05,BK07,4181.27,USD,2024-11-21T20:04:46,Foreign Exchange
T00898,CL0109,AC21,P11,CH02,BK01,7812.6,USD,2024-11-22T13:15:08,Transfer
T00899,CL0145,AC08,P02,CH02,BK05,5996.36,USD,2024-11-22T23:56:29,Foreign Exchange
T00900,CL0029,AC16,P10,CH05,BK05,392.95,USD,2024-11-23T13:34:41,Commission Charge
T00901,CL0042,AC13,P03,CH06,BK04,-302.07,USD,2024-11-24T07:37:35,ATM Withdrawal
T00902,CL0240,AC07,P04,CH05,BK07,2583.99,USD,2024-11-24T18:41:17,Commission Charge
T00903,CL0175,AC09,P07,CH06,BK05,8066.49,USD,2024-11-24T19:48:28,Transfer
T00904,CL0105,AC23,P08,CH01,BK02,6676.47,USD,2024-11-25T03:07:48,Interest Payment
T00905,CL0011,AC07,P01,CH01,BK04,6383.46,USD,2024-11-25T16:50:02,Withdrawal
T00906,CL0173,AC15,P03,CH01,BK03,7730.46,USD,2024-11-26T05:13:57,Withdrawal
T00907,CL0004,AC10,P05,CH03,BK07,-3839.12,USD,2024-11-26T15:38:50,ATM Withdrawal
T00908,CL0153,AC20,P11,CH03,BK02,-4810.24,USD,2024-11-26T21:33:07,Mobile Transfer
T00909,CL0238,AC02,P05,CH03,BK01,5784.04,USD,2024-11-27T02:17:34,Card Payment
T00910,CL0201,AC05,P03,CH06,BK04,8182.09,USD,2024-11-27T12:07:47,Loan Payment
T00911,CL0130,AC12,P06,CH06,BK05,2442.27,USD,2024-11-27T18:18:39,Loan Payment
T00912,CL0239,AC22,P09,CH05,BK04,2277.27,USD,2024-11-28T15:38:06,Transfer
T00913,CL0173,AC17,P10,CH03,BK06,7579.86,USD,2024-11-28T15:44:17,Mobile Transfer
T00914,CL0147,AC14,P04,CH06,BK06,-817.24,USD,2024-11-28T17:46:43,ATM Withdrawal
T00915,CL0233,AC19,P05,CH02,BK01,2138.96,USD,2024-11-28T20:22:35,Mobile Transfer
T00916,CL0016,AC17,P02,CH03,BK06,-4987.88,USD,2024-11-28T23:05:16,Loan Payment
T00917,CL0182,AC03,,CH04,BK03,9741.72,USD,2024-11-29T06:37:33,Interest Payment
T00918,CL0073,AC24,P10,CH04,BK04,1061.44,USD,2024-11-29T07:32:50,Card Payment
T00919,CL0013,AC18,P02,CH01,BK06,1837.62,USD,2024-11-29T21:19:05,ATM Withdrawal
T00920,CL0186,AC02,P10,CH03,BK02,5661.36,USD,2024-12-01T12:40:01,Deposit
T00921,CL0045,AC01,P06,CH05,BK01,7730.72,USD,2024-12-01T18:22:38,Deposit
T00922,CL0195,AC03,P11,CH06,BK02,3890.26,USD,2024-12-03T00:16:43,Card Payment
T00923,CL0184,AC10,,CH01,BK03,3930.75,USD,2024-12-04T08:57:25,Commission Charge
T00924,CL0196,AC18,P10,CH01,BK05,3301.84,USD,2024-12-04T14:55:14,Interest Payment
T00925,CL0148,AC04,P03,CH04,BK03,-4632.58,USD,2024-12-04T22:44:05,Commission Charge
T00926,CL0189,AC23,P08,CH06,BK03,-4092.32,USD,2024-12-05T00:04:53,Loan Payment
T00927,CL0163,AC23,P05,CH03,BK01,6336.91,USD,2024-12-05T07:50:28,Commission Charge
T00928,CL0214,AC23,P10,CH06,BK03,9500.38,USD,2024-12-05T18:54:07,Foreign Exchange
T00929,CL0084,AC03,P05,CH04,BK06,8404.24,USD,2024-12-05T19:03:33,Foreign Exchange
T00930,CL0080,AC14,P05,CH03,BK04,8564.09,USD,2024-12-05T22:28:49,Mobile Transfer
T00931,CL0051,AC06,P10,CH05,BK04,-1959.77,USD,2024-12-06T13:32:00,ATM Withdrawal
T00932,CL0094,AC04,,CH02,BK01,5525.71,USD,2024-12-06T19:42:20,ATM Withdrawal
T00933,CL0033,AC18,P05,CH02,BK03,-3331.9,USD,2024-12-07T00:13:31,Withdrawal
T00934,CL0164,AC03,P03,CH06,BK04,9094.89,USD,2024-12-07T06:50:36,Transfer
T00935,CL0205,AC08,P07,CH03,BK01,4810.84,USD,2024-12-07T14:07:06,ATM Withdrawal
T00936,CL0060,AC14,P10,CH03,BK02,7359.99,USD,2024-12-07T23:35:32,Mobile Transfer
T00937,CL0085,AC24,P07,CH06,BK05,83.58,USD,2024-12-08T04:22:19,ATM Withdrawal
T00938,CL0107,AC08,P01,CH04,BK03,7436.37,USD,2024-12-08T15:27:30,Commission Charge
T00939,CL0069,AC19,P11,CH02,BK02,-450.46,USD,2024-12-08T22:32:26,Foreign Exchange
T00940,CL0067,AC19,P08,CH05,BK04,673.02,USD,2024-12-09T05:36:32,Withdrawal
T00941,CL0004,AC20,P11,CH05,BK01,4209.65,USD,2024-12-09T06:26:45,Card Payment
T00942,CL0201,AC06,P10,CH02,BK03,-4030.8,USD,2024-12-09T12:26:20,Interest Payment
T00943,CL0062,AC10,P03,CH06,BK01,8883.91,USD,2024-12-09T13:47:21,ATM Withdrawal
T00944,CL0004,AC07,P04,CH05,BK06,7297.17,USD,2024-12-09T19:00:38,Card Payment
T00945,CL0082,AC22,P06,CH05,BK03,-3740.97,USD,2024-12-09T21:24:54,Loan Payment
T00946,CL0084,AC06,P03,CH03,BK04,-3125.34,USD,2024-12-10T17:51:50,Deposit
T00947,CL0074,AC21,P08,CH02,BK03,6187.04,USD,2024-12-10T18:14:02,Loan Payment
T00948,CL0176,AC02,P04,CH05,BK02,8113.67,USD,2024-12-11T06:46:55,Card Payment
T00949,CL0220,AC16,P04,CH06,BK02,7848.25,USD,2024-12-11T10:34:22,Withdrawal
T00950,CL0078,AC17,P05,CH03,BK02,4677.27,USD,2024-12-11T13:31:22,Transfer
T00951,CL0109,AC14,P09,CH04,BK02,390.05,USD,2024-12-11T14:20:27,Foreign Exchange
T00952,CL0115,AC19,P02,CH02,BK01,-2426.96,USD,2024-12-11T18:33:50,Withdrawal
T00953,CL0081,AC20,P09,CH02,BK06,9733.28,USD,2024-12-11T22:45:37,Card Payment
T00954,CL0212,AC23,P02,CH02,BK05,-2583.7,USD,2024-12-12T04:17:29,Transfer
T00955,CL0147,AC12,P02,CH03,BK02,1859.01,USD,2024-12-12T07:57:13,Mobile Transfer
T00956,CL0082,AC17,P02,CH04,BK07,8538.49,USD,2024-12-12T09:54:34,Foreign Exchange
T00957,CL0169,AC06,P02,CH05,BK01,2641.32,USD,2024-12-12T13:22:50,Deposit
T00958,CL0033,AC21,P05,CH03,BK07,-783.93,USD,2024-12-13T02:35:41,Card Payment
T00959,CL0095,AC10,P02,CH02,BK04,8445.54,USD,2024-12-13T02:57:24,Card Payment
T00960,CL0196,AC14,P04,CH06,BK04,4980.52,USD,2024-12-13T09:29:11,Interest Payment
T00961,CL0098,AC06,P08,CH04,BK07,5818.62,USD,2024-12-13T18:23:24,Commission Charge
T00962,CL0224,AC25,P03,CH05,BK01,-4230.93,USD,2024-12-14T04:09:05,Commission Charge
T00963,CL0121,AC07,P03,CH01,BK07,3788,USD,2024-12-14T10:39:56,Mobile Transfer
T00964,CL0037,AC15,P11,CH01,BK01,-1135.01,USD,2024-12-14T16:08:24,ATM Withdrawal
T00965,CL0204,AC15,P05,CH01,BK01,-3779.58,USD,2024-12-15T01:45:11,Withdrawal
T00966,CL0102,AC13,P08,CH04,BK02,-4746.76,USD,2024-12-15T07:33:03,Withdrawal
T00967,CL0203,AC17,P04,CH06,BK03,5819.44,USD,2024-12-15T11:22:52,ATM Withdrawal
T00968,CL0065,AC24,P02,CH03,BK04,2039.15,USD,2024-12-15T22:13:23,Withdrawal
T00969,CL0171,AC24,P01,CH04,BK03,5063.52,USD,2024-12-16T00:40:37,Withdrawal
T00970,CL0055,AC09,P01,CH02,BK04,4796.63,USD,2024-12-17T01:42:36,Commission Charge
T00971,CL0152,AC19,P11,CH04,BK07,4711.71,USD,2024-12-17T15:44:03,Interest Payment
T00972,CL0020,AC22,P03,CH05,BK05,-259.03,USD,2024-12-18T08:56:02,Interest Payment
T00973,CL0082,AC16,P04,CH02,BK01,45.02,USD,2024-12-18T15:24:04,Foreign Exchange
T00974,CL0173,AC05,P02,CH02,BK02,-4573.57,USD,2024-12-18T22:40:11,Deposit
T00975,CL0014,AC11,P04,CH05,BK06,9176.53,USD,2024-12-19T02:37:42,Deposit
T00976,CL0118,AC07,P10,CH01,BK03,4500.42,USD,2024-12-19T09:51:01,Withdrawal
T00977,CL0123,AC12,P10,CH02,BK05,5598.04,USD,2024-12-19T21:06:06,Transfer
T00978,CL0132,AC11,P11,CH04,BK06,1527.72,USD,2024-12-19T22:12:18,Foreign Exchange
T00979,CL0021,AC09,P01,CH03,BK02,-1757.35,USD,2024-12-20T07:11:30,Loan Payment
T00980,CL0125,AC15,,CH01,BK07,-1077.01,USD,2024-12-20T22:14:31,Deposit
T00981,CL0008,AC01,P09,CH05,BK01,-3487.49,USD,2024-12-21T13:49:08,Withdrawal
T00982,CL0089,AC23,P08,CH03,BK07,1011.66,USD,2024-12-21T19:01:52,Commission Charge
T00983,CL0176,AC17,P03,CH02,BK02,-4703,USD,2024-12-22T15:58:58,ATM Withdrawal
T00984,CL0246,AC18,P02,CH02,BK04,3172.14,USD,2024-12-22T23:58:17,Card Payment
T00985,CL0018,AC22,P03,CH06,BK04,5243.09,USD,2024-12-23T04:03:56,Card Payment
T00986,CL0188,AC18,P11,CH01,BK03,4992.21,USD,2024-12-23T09:13:22,Withdrawal
T00987,CL0186,AC06,P07,CH05,BK05,-1663.01,USD,2024-12-23T20:58:22,Mobile Transfer
T00988,CL0108,AC11,,CH06,BK02,-4964.56,USD,2024-12-24T20:49:50,Commission Charge
T00989,CL0101,AC09,P06,CH01,BK05,4186.99,USD,2024-12-25T17:43:11,Commission Charge
T00990,CL0167,AC14,P06,CH01,BK06,568.7,USD,2024-12-25T22:58:34,Deposit
T00991,CL0133,AC16,P03,CH03,BK03,4373.07,USD,2024-12-26T15:53:04,Foreign Exchange
T00992,CL0231,AC20,P04,CH01,BK02,-3387.37,USD,2024-12-27T17:42:31,Interest Payment
T00993,CL0095,AC07,P09,CH02,BK06,8295.04,USD,2024-12-27T22:25:42,ATM Withdrawal
T00994,CL0241,AC22,P07,CH01,BK06,8932.09,USD,2024-12-28T11:34:32,Mobile Transfer
T00995,CL0124,AC17,P07,CH05,BK06,437.7,USD,2024-12-29T06:41:53,Withdrawal
T00996,CL0100,AC02,P02,CH06,BK02,-522.77,USD,2024-12-29T09:44:28,Loan Payment
T00997,CL0112,AC04,P06,CH01,BK05,5813.42,USD,2024-12-29T12:39:36,Card Payment
T00998,CL0091,AC17,P11,CH02,BK06,687.48,USD,2024-12-29T16:11:50,Mobile Transfer
T00999,CL0083,AC20,,CH06,BK05,-1123.2,USD,2024-12-29T19:55:43,ATM Withdrawal
T01000,CL0146,AC10,P04,CH04,BK07,9966.91,USD,2024-12-30T14:19:51,Foreign Exchange
